"pop","tau","hXX",".y.","group1","group2","n1","n2","statistic","p","p.adj","p.adj.signif"
"African",0.7,"recessive","per_cM_nonzero_log","Short ROH","Medium ROH",500,500,19,0.0000000000000000000000000000000000000000000000000000000000000000000000000000000000142,0.0000000000000000000000000000000000000000000000000000000000000000000000000000000000762,"***"
"African",0.7,"recessive","per_cM_nonzero_log","Short ROH","Long ROH",500,500,1347,0.0000000000000000000000000000000000000000000000000000000000000000000000000000000381,0.0000000000000000000000000000000000000000000000000000000000000000000000000000000762,"***"
"African",0.7,"recessive","per_cM_nonzero_log","Short ROH","Non-ROH",500,500,125250,0.0000000000000000000000000000000000000000000000000000000000000000000000000000000000127,0.0000000000000000000000000000000000000000000000000000000000000000000000000000000000762,"***"
"African",0.7,"recessive","per_cM_nonzero_log","Medium ROH","Long ROH",500,500,47227,0.0000019,0.0000019,"***"
"African",0.7,"recessive","per_cM_nonzero_log","Medium ROH","Non-ROH",500,500,125250,0.0000000000000000000000000000000000000000000000000000000000000000000000000000000000127,0.0000000000000000000000000000000000000000000000000000000000000000000000000000000000762,"***"
"African",0.7,"recessive","per_cM_nonzero_log","Long ROH","Non-ROH",500,500,125250,0.0000000000000000000000000000000000000000000000000000000000000000000000000000000000127,0.0000000000000000000000000000000000000000000000000000000000000000000000000000000000762,"***"
"African",0.7,"additive","per_cM_nonzero_log","Short ROH","Medium ROH",500,500,78551,0.000000835,0.000000835,"***"
"African",0.7,"additive","per_cM_nonzero_log","Short ROH","Long ROH",500,500,104109,0.000000000000000000000000000000000000106,0.000000000000000000000000000000000000318,"***"
"African",0.7,"additive","per_cM_nonzero_log","Short ROH","Non-ROH",500,500,125250,0.0000000000000000000000000000000000000000000000000000000000000000000000000000000000127,0.0000000000000000000000000000000000000000000000000000000000000000000000000000000000762,"***"
"African",0.7,"additive","per_cM_nonzero_log","Medium ROH","Long ROH",500,500,95513,0.00000000000000000000000258,0.00000000000000000000000516,"***"
"African",0.7,"additive","per_cM_nonzero_log","Medium ROH","Non-ROH",500,500,125250,0.0000000000000000000000000000000000000000000000000000000000000000000000000000000000127,0.0000000000000000000000000000000000000000000000000000000000000000000000000000000000762,"***"
"African",0.7,"additive","per_cM_nonzero_log","Long ROH","Non-ROH",500,500,124181,0.00000000000000000000000000000000000000000000000000000000000000000000000000000000741,0.0000000000000000000000000000000000000000000000000000000000000000000000000000000296,"***"
"African",0.7,"dominant","per_cM_nonzero_log","Short ROH","Medium ROH",500,500,86508,0.000000000000148,0.000000000000148,"***"
"African",0.7,"dominant","per_cM_nonzero_log","Short ROH","Long ROH",500,500,113860,0.0000000000000000000000000000000000000000000000000000000139,0.0000000000000000000000000000000000000000000000000000000556,"***"
"African",0.7,"dominant","per_cM_nonzero_log","Short ROH","Non-ROH",500,500,125250,0.0000000000000000000000000000000000000000000000000000000000000000000000000000000000127,0.0000000000000000000000000000000000000000000000000000000000000000000000000000000000762,"***"
"African",0.7,"dominant","per_cM_nonzero_log","Medium ROH","Long ROH",500,500,102972,0.00000000000000000000000000000000000934,0.000000000000000000000000000000000028,"***"
"African",0.7,"dominant","per_cM_nonzero_log","Medium ROH","Non-ROH",500,500,125159,0.0000000000000000000000000000000000000000000000000000000000000000000000000000000000219,0.00000000000000000000000000000000000000000000000000000000000000000000000000000000011,"***"
"African",0.7,"dominant","per_cM_nonzero_log","Long ROH","Non-ROH",500,500,102345,0.000000000000000000000000000000000105,0.00000000000000000000000000000000021,"***"
"African",0.7,"mixed","per_cM_nonzero_log","Short ROH","Medium ROH",500,500,48506,0.0000125,0.0000125,"***"
"African",0.7,"mixed","per_cM_nonzero_log","Short ROH","Long ROH",500,500,77999,0.00000197,0.00000394,"***"
"African",0.7,"mixed","per_cM_nonzero_log","Short ROH","Non-ROH",500,500,125250,0.0000000000000000000000000000000000000000000000000000000000000000000000000000000000127,0.0000000000000000000000000000000000000000000000000000000000000000000000000000000000762,"***"
"African",0.7,"mixed","per_cM_nonzero_log","Medium ROH","Long ROH",500,500,84321,0.0000000000192,0.0000000000576,"***"
"African",0.7,"mixed","per_cM_nonzero_log","Medium ROH","Non-ROH",500,500,125250,0.0000000000000000000000000000000000000000000000000000000000000000000000000000000000127,0.0000000000000000000000000000000000000000000000000000000000000000000000000000000000762,"***"
"African",0.7,"mixed","per_cM_nonzero_log","Long ROH","Non-ROH",500,500,124932,0.0000000000000000000000000000000000000000000000000000000000000000000000000000000000853,0.000000000000000000000000000000000000000000000000000000000000000000000000000000000341,"***"
"African",0.8,"recessive","per_cM_nonzero_log","Short ROH","Medium ROH",500,500,33,0.0000000000000000000000000000000000000000000000000000000000000000000000000000000000155,0.0000000000000000000000000000000000000000000000000000000000000000000000000000000000762,"***"
"African",0.8,"recessive","per_cM_nonzero_log","Short ROH","Long ROH",500,500,1137,0.0000000000000000000000000000000000000000000000000000000000000000000000000000000111,0.0000000000000000000000000000000000000000000000000000000000000000000000000000000222,"***"
"African",0.8,"recessive","per_cM_nonzero_log","Short ROH","Non-ROH",500,500,125250,0.0000000000000000000000000000000000000000000000000000000000000000000000000000000000127,0.0000000000000000000000000000000000000000000000000000000000000000000000000000000000762,"***"
"African",0.8,"recessive","per_cM_nonzero_log","Medium ROH","Long ROH",500,500,45519,0.000000121,0.000000121,"***"
"African",0.8,"recessive","per_cM_nonzero_log","Medium ROH","Non-ROH",500,500,125250,0.0000000000000000000000000000000000000000000000000000000000000000000000000000000000127,0.0000000000000000000000000000000000000000000000000000000000000000000000000000000000762,"***"
"African",0.8,"recessive","per_cM_nonzero_log","Long ROH","Non-ROH",500,500,125250,0.0000000000000000000000000000000000000000000000000000000000000000000000000000000000127,0.0000000000000000000000000000000000000000000000000000000000000000000000000000000000762,"***"
"African",0.8,"additive","per_cM_nonzero_log","Short ROH","Medium ROH",500,500,84150,0.0000000000275,0.0000000000275,"***"
"African",0.8,"additive","per_cM_nonzero_log","Short ROH","Long ROH",500,500,103846,0.000000000000000000000000000000000000302,0.000000000000000000000000000000000000906,"***"
"African",0.8,"additive","per_cM_nonzero_log","Short ROH","Non-ROH",500,500,125250,0.0000000000000000000000000000000000000000000000000000000000000000000000000000000000127,0.0000000000000000000000000000000000000000000000000000000000000000000000000000000000762,"***"
"African",0.8,"additive","per_cM_nonzero_log","Medium ROH","Long ROH",500,500,92829,0.00000000000000000000926,0.0000000000000000000185,"***"
"African",0.8,"additive","per_cM_nonzero_log","Medium ROH","Non-ROH",500,500,125249,0.0000000000000000000000000000000000000000000000000000000000000000000000000000000000128,0.0000000000000000000000000000000000000000000000000000000000000000000000000000000000762,"***"
"African",0.8,"additive","per_cM_nonzero_log","Long ROH","Non-ROH",500,500,119659,0.00000000000000000000000000000000000000000000000000000000000000000000112,0.00000000000000000000000000000000000000000000000000000000000000000000448,"***"
"African",0.8,"dominant","per_cM_nonzero_log","Short ROH","Medium ROH",500,500,88514,0.00000000000000115,0.0000000000000023,"***"
"African",0.8,"dominant","per_cM_nonzero_log","Short ROH","Long ROH",500,500,113466,0.0000000000000000000000000000000000000000000000000000000961,0.000000000000000000000000000000000000000000000000000000384,"***"
"African",0.8,"dominant","per_cM_nonzero_log","Short ROH","Non-ROH",500,500,125250,0.0000000000000000000000000000000000000000000000000000000000000000000000000000000000127,0.0000000000000000000000000000000000000000000000000000000000000000000000000000000000762,"***"
"African",0.8,"dominant","per_cM_nonzero_log","Medium ROH","Long ROH",500,500,101064,0.000000000000000000000000000000013,0.000000000000000000000000000000039,"***"
"African",0.8,"dominant","per_cM_nonzero_log","Medium ROH","Non-ROH",500,500,123648,0.00000000000000000000000000000000000000000000000000000000000000000000000000000017,0.00000000000000000000000000000000000000000000000000000000000000000000000000000085,"***"
"African",0.8,"dominant","per_cM_nonzero_log","Long ROH","Non-ROH",500,500,77676,0.00000322,0.00000322,"***"
"African",0.8,"mixed","per_cM_nonzero_log","Short ROH","Medium ROH",500,500,51758,0.000774,0.000774,"***"
"African",0.8,"mixed","per_cM_nonzero_log","Short ROH","Long ROH",500,500,76450,0.0000189,0.0000378,"***"
"African",0.8,"mixed","per_cM_nonzero_log","Short ROH","Non-ROH",500,500,125250,0.0000000000000000000000000000000000000000000000000000000000000000000000000000000000127,0.0000000000000000000000000000000000000000000000000000000000000000000000000000000000762,"***"
"African",0.8,"mixed","per_cM_nonzero_log","Medium ROH","Long ROH",500,500,81497,0.00000000527,0.0000000158,"***"
"African",0.8,"mixed","per_cM_nonzero_log","Medium ROH","Non-ROH",500,500,125250,0.0000000000000000000000000000000000000000000000000000000000000000000000000000000000127,0.0000000000000000000000000000000000000000000000000000000000000000000000000000000000762,"***"
"African",0.8,"mixed","per_cM_nonzero_log","Long ROH","Non-ROH",500,500,123927,0.0000000000000000000000000000000000000000000000000000000000000000000000000000000331,0.000000000000000000000000000000000000000000000000000000000000000000000000000000132,"***"
"African",0.9,"recessive","per_cM_nonzero_log","Short ROH","Medium ROH",500,500,47,0.0000000000000000000000000000000000000000000000000000000000000000000000000000000000168,0.0000000000000000000000000000000000000000000000000000000000000000000000000000000000762,"***"
"African",0.9,"recessive","per_cM_nonzero_log","Short ROH","Long ROH",500,500,1155,0.0000000000000000000000000000000000000000000000000000000000000000000000000000000123,0.0000000000000000000000000000000000000000000000000000000000000000000000000000000246,"***"
"African",0.9,"recessive","per_cM_nonzero_log","Short ROH","Non-ROH",500,500,125250,0.0000000000000000000000000000000000000000000000000000000000000000000000000000000000127,0.0000000000000000000000000000000000000000000000000000000000000000000000000000000000762,"***"
"African",0.9,"recessive","per_cM_nonzero_log","Medium ROH","Long ROH",500,500,45233,0.0000000743,0.0000000743,"***"
"African",0.9,"recessive","per_cM_nonzero_log","Medium ROH","Non-ROH",500,500,125250,0.0000000000000000000000000000000000000000000000000000000000000000000000000000000000127,0.0000000000000000000000000000000000000000000000000000000000000000000000000000000000762,"***"
"African",0.9,"recessive","per_cM_nonzero_log","Long ROH","Non-ROH",500,500,125250,0.0000000000000000000000000000000000000000000000000000000000000000000000000000000000127,0.0000000000000000000000000000000000000000000000000000000000000000000000000000000000762,"***"
"African",0.9,"additive","per_cM_nonzero_log","Short ROH","Medium ROH",500,500,88576,0.000000000000000987,0.000000000000000987,"***"
"African",0.9,"additive","per_cM_nonzero_log","Short ROH","Long ROH",500,500,104584,0.0000000000000000000000000000000000000157,0.0000000000000000000000000000000000000471,"***"
"African",0.9,"additive","per_cM_nonzero_log","Short ROH","Non-ROH",500,500,125250,0.0000000000000000000000000000000000000000000000000000000000000000000000000000000000127,0.0000000000000000000000000000000000000000000000000000000000000000000000000000000000762,"***"
"African",0.9,"additive","per_cM_nonzero_log","Medium ROH","Long ROH",500,500,91201,0.000000000000000000953,0.00000000000000000191,"***"
"African",0.9,"additive","per_cM_nonzero_log","Medium ROH","Non-ROH",500,500,125094,0.0000000000000000000000000000000000000000000000000000000000000000000000000000000000324,0.000000000000000000000000000000000000000000000000000000000000000000000000000000000162,"***"
"African",0.9,"additive","per_cM_nonzero_log","Long ROH","Non-ROH",500,500,106367,0.0000000000000000000000000000000000000000101,0.0000000000000000000000000000000000000000404,"***"
"African",0.9,"dominant","per_cM_nonzero_log","Short ROH","Medium ROH",500,500,90536,0.00000000000000000588,0.0000000000000000118,"***"
"African",0.9,"dominant","per_cM_nonzero_log","Short ROH","Long ROH",500,500,113789,0.0000000000000000000000000000000000000000000000000000000197,0.0000000000000000000000000000000000000000000000000000000788,"***"
"African",0.9,"dominant","per_cM_nonzero_log","Short ROH","Non-ROH",500,500,125250,0.0000000000000000000000000000000000000000000000000000000000000000000000000000000000127,0.0000000000000000000000000000000000000000000000000000000000000000000000000000000000762,"***"
"African",0.9,"dominant","per_cM_nonzero_log","Medium ROH","Long ROH",500,500,99856,0.00000000000000000000000000000107,0.00000000000000000000000000000321,"***"
"African",0.9,"dominant","per_cM_nonzero_log","Medium ROH","Non-ROH",500,500,114749,0.000000000000000000000000000000000000000000000000000000000168,0.00000000000000000000000000000000000000000000000000000000084,"***"
"African",0.9,"dominant","per_cM_nonzero_log","Long ROH","Non-ROH",500,500,54715,0.014,0.014,"*"
"African",0.9,"mixed","per_cM_nonzero_log","Short ROH","Medium ROH",500,500,55833,0.036,0.036,"*"
"African",0.9,"mixed","per_cM_nonzero_log","Short ROH","Long ROH",500,500,77214,0.00000638,0.0000128,"***"
"African",0.9,"mixed","per_cM_nonzero_log","Short ROH","Non-ROH",500,500,125250,0.0000000000000000000000000000000000000000000000000000000000000000000000000000000000127,0.0000000000000000000000000000000000000000000000000000000000000000000000000000000000762,"***"
"African",0.9,"mixed","per_cM_nonzero_log","Medium ROH","Long ROH",500,500,80053,0.0000000698,0.000000209,"***"
"African",0.9,"mixed","per_cM_nonzero_log","Medium ROH","Non-ROH",500,500,125221,0.0000000000000000000000000000000000000000000000000000000000000000000000000000000000151,0.0000000000000000000000000000000000000000000000000000000000000000000000000000000000762,"***"
"African",0.9,"mixed","per_cM_nonzero_log","Long ROH","Non-ROH",500,500,120568,0.0000000000000000000000000000000000000000000000000000000000000000000000074,0.0000000000000000000000000000000000000000000000000000000000000000000000296,"***"
"African",1,"recessive","per_cM_nonzero_log","Short ROH","Medium ROH",500,500,71,0.0000000000000000000000000000000000000000000000000000000000000000000000000000000000194,0.0000000000000000000000000000000000000000000000000000000000000000000000000000000000762,"***"
"African",1,"recessive","per_cM_nonzero_log","Short ROH","Long ROH",500,500,1310,0.0000000000000000000000000000000000000000000000000000000000000000000000000000000307,0.0000000000000000000000000000000000000000000000000000000000000000000000000000000614,"***"
"African",1,"recessive","per_cM_nonzero_log","Short ROH","Non-ROH",500,500,125250,0.0000000000000000000000000000000000000000000000000000000000000000000000000000000000127,0.0000000000000000000000000000000000000000000000000000000000000000000000000000000000762,"***"
"African",1,"recessive","per_cM_nonzero_log","Medium ROH","Long ROH",500,500,45625,0.000000145,0.000000145,"***"
"African",1,"recessive","per_cM_nonzero_log","Medium ROH","Non-ROH",500,500,125250,0.0000000000000000000000000000000000000000000000000000000000000000000000000000000000127,0.0000000000000000000000000000000000000000000000000000000000000000000000000000000000762,"***"
"African",1,"recessive","per_cM_nonzero_log","Long ROH","Non-ROH",500,500,125250,0.0000000000000000000000000000000000000000000000000000000000000000000000000000000000127,0.0000000000000000000000000000000000000000000000000000000000000000000000000000000000762,"***"
"African",1,"additive","per_cM_nonzero_log","Short ROH","Medium ROH",500,500,92131,0.0000000000000000000696,0.000000000000000000209,"***"
"African",1,"additive","per_cM_nonzero_log","Short ROH","Long ROH",500,500,105954,0.0000000000000000000000000000000000000000567,0.000000000000000000000000000000000000000227,"***"
"African",1,"additive","per_cM_nonzero_log","Short ROH","Non-ROH",500,500,125250,0.0000000000000000000000000000000000000000000000000000000000000000000000000000000000127,0.0000000000000000000000000000000000000000000000000000000000000000000000000000000000762,"***"
"African",1,"additive","per_cM_nonzero_log","Medium ROH","Long ROH",500,500,90694,0.00000000000000000383,0.00000000000000000766,"***"
"African",1,"additive","per_cM_nonzero_log","Medium ROH","Non-ROH",500,500,121728,0.0000000000000000000000000000000000000000000000000000000000000000000000000109,0.0000000000000000000000000000000000000000000000000000000000000000000000000545,"***"
"African",1,"additive","per_cM_nonzero_log","Long ROH","Non-ROH",500,500,84550,0.0000000000118,0.0000000000118,"***"
"African",1,"dominant","per_cM_nonzero_log","Short ROH","Medium ROH",500,500,92542,0.0000000000000000000213,0.0000000000000000000426,"***"
"African",1,"dominant","per_cM_nonzero_log","Short ROH","Long ROH",500,500,114514,0.000000000000000000000000000000000000000000000000000000000545,0.00000000000000000000000000000000000000000000000000000000273,"***"
"African",1,"dominant","per_cM_nonzero_log","Short ROH","Non-ROH",500,500,125249,0.0000000000000000000000000000000000000000000000000000000000000000000000000000000000128,0.0000000000000000000000000000000000000000000000000000000000000000000000000000000000768,"***"
"African",1,"dominant","per_cM_nonzero_log","Medium ROH","Long ROH",500,500,99306,0.00000000000000000000000000000759,0.0000000000000000000000000000304,"***"
"African",1,"dominant","per_cM_nonzero_log","Medium ROH","Non-ROH",500,500,97673,0.00000000000000000000000000216,0.00000000000000000000000000648,"***"
"African",1,"dominant","per_cM_nonzero_log","Long ROH","Non-ROH",500,500,39344,0.000000000000592,0.000000000000592,"***"
"African",1,"mixed","per_cM_nonzero_log","Short ROH","Medium ROH",500,500,60289,0.47,0.47,"ns"
"African",1,"mixed","per_cM_nonzero_log","Short ROH","Long ROH",500,500,79503,0.000000178,0.000000387,"***"
"African",1,"mixed","per_cM_nonzero_log","Short ROH","Non-ROH",500,500,125250,0.0000000000000000000000000000000000000000000000000000000000000000000000000000000000127,0.0000000000000000000000000000000000000000000000000000000000000000000000000000000000762,"***"
"African",1,"mixed","per_cM_nonzero_log","Medium ROH","Long ROH",500,500,79692,0.000000129,0.000000387,"***"
"African",1,"mixed","per_cM_nonzero_log","Medium ROH","Non-ROH",500,500,124721,0.000000000000000000000000000000000000000000000000000000000000000000000000000000000301,0.0000000000000000000000000000000000000000000000000000000000000000000000000000000015,"***"
"African",1,"mixed","per_cM_nonzero_log","Long ROH","Non-ROH",500,500,112385,0.0000000000000000000000000000000000000000000000000000179,0.0000000000000000000000000000000000000000000000000000716,"***"
"African",1.1,"recessive","per_cM_nonzero_log","Short ROH","Medium ROH",500,500,132,0.000000000000000000000000000000000000000000000000000000000000000000000000000000000028,0.000000000000000000000000000000000000000000000000000000000000000000000000000000000084,"***"
"African",1.1,"recessive","per_cM_nonzero_log","Short ROH","Long ROH",500,500,1543,0.000000000000000000000000000000000000000000000000000000000000000000000000000000121,0.000000000000000000000000000000000000000000000000000000000000000000000000000000242,"***"
"African",1.1,"recessive","per_cM_nonzero_log","Short ROH","Non-ROH",500,500,125250,0.0000000000000000000000000000000000000000000000000000000000000000000000000000000000127,0.0000000000000000000000000000000000000000000000000000000000000000000000000000000000762,"***"
"African",1.1,"recessive","per_cM_nonzero_log","Medium ROH","Long ROH",500,500,46528,0.000000636,0.000000636,"***"
"African",1.1,"recessive","per_cM_nonzero_log","Medium ROH","Non-ROH",500,500,125250,0.0000000000000000000000000000000000000000000000000000000000000000000000000000000000127,0.0000000000000000000000000000000000000000000000000000000000000000000000000000000000762,"***"
"African",1.1,"recessive","per_cM_nonzero_log","Long ROH","Non-ROH",500,500,125250,0.0000000000000000000000000000000000000000000000000000000000000000000000000000000000127,0.0000000000000000000000000000000000000000000000000000000000000000000000000000000000762,"***"
"African",1.1,"additive","per_cM_nonzero_log","Short ROH","Medium ROH",500,500,95048,0.0000000000000000000000112,0.0000000000000000000000336,"***"
"African",1.1,"additive","per_cM_nonzero_log","Short ROH","Long ROH",500,500,107666,0.0000000000000000000000000000000000000000000392,0.000000000000000000000000000000000000000000157,"***"
"African",1.1,"additive","per_cM_nonzero_log","Short ROH","Non-ROH",500,500,125250,0.0000000000000000000000000000000000000000000000000000000000000000000000000000000000127,0.0000000000000000000000000000000000000000000000000000000000000000000000000000000000762,"***"
"African",1.1,"additive","per_cM_nonzero_log","Medium ROH","Long ROH",500,500,90793,0.00000000000000000293,0.00000000000000000586,"***"
"African",1.1,"additive","per_cM_nonzero_log","Medium ROH","Non-ROH",500,500,109120,0.000000000000000000000000000000000000000000000065,0.000000000000000000000000000000000000000000000325,"***"
"African",1.1,"additive","per_cM_nonzero_log","Long ROH","Non-ROH",500,500,62686,0.985,0.985,"ns"
"African",1.1,"dominant","per_cM_nonzero_log","Short ROH","Medium ROH",500,500,94551,0.0000000000000000000000524,0.000000000000000000000105,"***"
"African",1.1,"dominant","per_cM_nonzero_log","Short ROH","Long ROH",500,500,115462,0.00000000000000000000000000000000000000000000000000000000000462,0.0000000000000000000000000000000000000000000000000000000000231,"***"
"African",1.1,"dominant","per_cM_nonzero_log","Short ROH","Non-ROH",500,500,125079,0.0000000000000000000000000000000000000000000000000000000000000000000000000000000000354,0.000000000000000000000000000000000000000000000000000000000000000000000000000000000212,"***"
"African",1.1,"dominant","per_cM_nonzero_log","Medium ROH","Long ROH",500,500,99134,0.0000000000000000000000000000139,0.0000000000000000000000000000556,"***"
"African",1.1,"dominant","per_cM_nonzero_log","Medium ROH","Non-ROH",500,500,80220,0.0000000523,0.0000000523,"***"
"African",1.1,"dominant","per_cM_nonzero_log","Long ROH","Non-ROH",500,500,28978,0.000000000000000000000000225,0.000000000000000000000000675,"***"
"African",1.1,"mixed","per_cM_nonzero_log","Short ROH","Medium ROH",500,500,64682,0.525,0.525,"ns"
"African",1.1,"mixed","per_cM_nonzero_log","Short ROH","Long ROH",500,500,82796,0.000000000437,0.00000000131,"***"
"African",1.1,"mixed","per_cM_nonzero_log","Short ROH","Non-ROH",500,500,125250,0.0000000000000000000000000000000000000000000000000000000000000000000000000000000000127,0.0000000000000000000000000000000000000000000000000000000000000000000000000000000000762,"***"
"African",1.1,"mixed","per_cM_nonzero_log","Medium ROH","Long ROH",500,500,79946,0.0000000839,0.000000168,"***"
"African",1.1,"mixed","per_cM_nonzero_log","Medium ROH","Non-ROH",500,500,121985,0.00000000000000000000000000000000000000000000000000000000000000000000000000254,0.0000000000000000000000000000000000000000000000000000000000000000000000000127,"***"
"African",1.1,"mixed","per_cM_nonzero_log","Long ROH","Non-ROH",500,500,100349,0.00000000000000000000000000000018,0.00000000000000000000000000000072,"***"
"African",1.2,"recessive","per_cM_nonzero_log","Short ROH","Medium ROH",500,500,261,0.0000000000000000000000000000000000000000000000000000000000000000000000000000000000607,0.000000000000000000000000000000000000000000000000000000000000000000000000000000000182,"***"
"African",1.2,"recessive","per_cM_nonzero_log","Short ROH","Long ROH",500,500,1899,0.000000000000000000000000000000000000000000000000000000000000000000000000000000966,0.00000000000000000000000000000000000000000000000000000000000000000000000000000193,"***"
"African",1.2,"recessive","per_cM_nonzero_log","Short ROH","Non-ROH",500,500,125250,0.0000000000000000000000000000000000000000000000000000000000000000000000000000000000127,0.0000000000000000000000000000000000000000000000000000000000000000000000000000000000762,"***"
"African",1.2,"recessive","per_cM_nonzero_log","Medium ROH","Long ROH",500,500,47462,0.00000272,0.00000272,"***"
"African",1.2,"recessive","per_cM_nonzero_log","Medium ROH","Non-ROH",500,500,125250,0.0000000000000000000000000000000000000000000000000000000000000000000000000000000000127,0.0000000000000000000000000000000000000000000000000000000000000000000000000000000000762,"***"
"African",1.2,"recessive","per_cM_nonzero_log","Long ROH","Non-ROH",500,500,125250,0.0000000000000000000000000000000000000000000000000000000000000000000000000000000000127,0.0000000000000000000000000000000000000000000000000000000000000000000000000000000000762,"***"
"African",1.2,"additive","per_cM_nonzero_log","Short ROH","Medium ROH",500,500,97543,0.00000000000000000000000000335,0.0000000000000000000000000134,"***"
"African",1.2,"additive","per_cM_nonzero_log","Short ROH","Long ROH",500,500,109391,0.0000000000000000000000000000000000000000000000193,0.0000000000000000000000000000000000000000000000965,"***"
"African",1.2,"additive","per_cM_nonzero_log","Short ROH","Non-ROH",500,500,125204,0.0000000000000000000000000000000000000000000000000000000000000000000000000000000000167,0.0000000000000000000000000000000000000000000000000000000000000000000000000000000001,"***"
"African",1.2,"additive","per_cM_nonzero_log","Medium ROH","Long ROH",500,500,91266,0.000000000000000000796,0.00000000000000000239,"***"
"African",1.2,"additive","per_cM_nonzero_log","Medium ROH","Non-ROH",500,500,90773,0.00000000000000000309,0.00000000000000000618,"***"
"African",1.2,"additive","per_cM_nonzero_log","Long ROH","Non-ROH",500,500,46421,0.000000536,0.000000536,"***"
"African",1.2,"dominant","per_cM_nonzero_log","Short ROH","Medium ROH",500,500,96576,0.0000000000000000000000000833,0.000000000000000000000000167,"***"
"African",1.2,"dominant","per_cM_nonzero_log","Short ROH","Long ROH",500,500,116438,0.0000000000000000000000000000000000000000000000000000000000000312,0.000000000000000000000000000000000000000000000000000000000000156,"***"
"African",1.2,"dominant","per_cM_nonzero_log","Short ROH","Non-ROH",500,500,123375,0.00000000000000000000000000000000000000000000000000000000000000000000000000000084,0.00000000000000000000000000000000000000000000000000000000000000000000000000000504,"***"
"African",1.2,"dominant","per_cM_nonzero_log","Medium ROH","Long ROH",500,500,99157,0.0000000000000000000000000000128,0.0000000000000000000000000000384,"***"
"African",1.2,"dominant","per_cM_nonzero_log","Medium ROH","Non-ROH",500,500,65814,0.324,0.324,"ns"
"African",1.2,"dominant","per_cM_nonzero_log","Long ROH","Non-ROH",500,500,22256,0.00000000000000000000000000000000000857,0.0000000000000000000000000000000000343,"***"
"African",1.2,"mixed","per_cM_nonzero_log","Short ROH","Medium ROH",500,500,69019,0.048,0.048,"*"
"African",1.2,"mixed","per_cM_nonzero_log","Short ROH","Long ROH",500,500,86422,0.000000000000181,0.000000000000543,"***"
"African",1.2,"mixed","per_cM_nonzero_log","Short ROH","Non-ROH",500,500,125218,0.0000000000000000000000000000000000000000000000000000000000000000000000000000000000154,0.0000000000000000000000000000000000000000000000000000000000000000000000000000000000924,"***"
"African",1.2,"mixed","per_cM_nonzero_log","Medium ROH","Long ROH",500,500,80561,0.0000000288,0.0000000576,"***"
"African",1.2,"mixed","per_cM_nonzero_log","Medium ROH","Non-ROH",500,500,115368,0.00000000000000000000000000000000000000000000000000000000000745,0.0000000000000000000000000000000000000000000000000000000000372,"***"
"African",1.2,"mixed","per_cM_nonzero_log","Long ROH","Non-ROH",500,500,87319,0.0000000000000218,0.0000000000000872,"***"
"African",1.3,"recessive","per_cM_nonzero_log","Short ROH","Medium ROH",500,500,462,0.000000000000000000000000000000000000000000000000000000000000000000000000000000000202,0.000000000000000000000000000000000000000000000000000000000000000000000000000000000606,"***"
"African",1.3,"recessive","per_cM_nonzero_log","Short ROH","Long ROH",500,500,2334,0.0000000000000000000000000000000000000000000000000000000000000000000000000000121,0.0000000000000000000000000000000000000000000000000000000000000000000000000000242,"***"
"African",1.3,"recessive","per_cM_nonzero_log","Short ROH","Non-ROH",500,500,125250,0.0000000000000000000000000000000000000000000000000000000000000000000000000000000000127,0.0000000000000000000000000000000000000000000000000000000000000000000000000000000000762,"***"
"African",1.3,"recessive","per_cM_nonzero_log","Medium ROH","Long ROH",500,500,48404,0.0000109,0.0000109,"***"
"African",1.3,"recessive","per_cM_nonzero_log","Medium ROH","Non-ROH",500,500,125250,0.0000000000000000000000000000000000000000000000000000000000000000000000000000000000127,0.0000000000000000000000000000000000000000000000000000000000000000000000000000000000762,"***"
"African",1.3,"recessive","per_cM_nonzero_log","Long ROH","Non-ROH",500,500,125250,0.0000000000000000000000000000000000000000000000000000000000000000000000000000000000127,0.0000000000000000000000000000000000000000000000000000000000000000000000000000000000762,"***"
"African",1.3,"additive","per_cM_nonzero_log","Short ROH","Medium ROH",500,500,99748,0.00000000000000000000000000000157,0.00000000000000000000000000000628,"***"
"African",1.3,"additive","per_cM_nonzero_log","Short ROH","Long ROH",500,500,111116,0.00000000000000000000000000000000000000000000000000715,0.0000000000000000000000000000000000000000000000000358,"***"
"African",1.3,"additive","per_cM_nonzero_log","Short ROH","Non-ROH",500,500,124594,0.000000000000000000000000000000000000000000000000000000000000000000000000000000000641,0.00000000000000000000000000000000000000000000000000000000000000000000000000000000385,"***"
"African",1.3,"additive","per_cM_nonzero_log","Medium ROH","Long ROH",500,500,92000,0.000000000000000000101,0.000000000000000000303,"***"
"African",1.3,"additive","per_cM_nonzero_log","Medium ROH","Non-ROH",500,500,73554,0.000722,0.000722,"***"
"African",1.3,"additive","per_cM_nonzero_log","Long ROH","Non-ROH",500,500,35332,0.0000000000000000308,0.0000000000000000616,"***"
"African",1.3,"dominant","per_cM_nonzero_log","Short ROH","Medium ROH",500,500,98395,0.000000000000000000000000000183,0.000000000000000000000000000366,"***"
"African",1.3,"dominant","per_cM_nonzero_log","Short ROH","Long ROH",500,500,117433,0.000000000000000000000000000000000000000000000000000000000000000174,0.00000000000000000000000000000000000000000000000000000000000000087,"***"
"African",1.3,"dominant","per_cM_nonzero_log","Short ROH","Non-ROH",500,500,119044,0.0000000000000000000000000000000000000000000000000000000000000000000318,0.000000000000000000000000000000000000000000000000000000000000000000191,"***"
"African",1.3,"dominant","per_cM_nonzero_log","Medium ROH","Long ROH",500,500,99410,0.00000000000000000000000000000525,0.0000000000000000000000000000158,"***"
"African",1.3,"dominant","per_cM_nonzero_log","Medium ROH","Non-ROH",500,500,54464,0.012,0.012,"*"
"African",1.3,"dominant","per_cM_nonzero_log","Long ROH","Non-ROH",500,500,17383,0.0000000000000000000000000000000000000000000164,0.0000000000000000000000000000000000000000000656,"***"
"African",1.3,"mixed","per_cM_nonzero_log","Short ROH","Medium ROH",500,500,72964,0.001,0.001,"***"
"African",1.3,"mixed","per_cM_nonzero_log","Short ROH","Long ROH",500,500,90069,0.0000000000000000206,0.0000000000000000824,"***"
"African",1.3,"mixed","per_cM_nonzero_log","Short ROH","Non-ROH",500,500,124881,0.000000000000000000000000000000000000000000000000000000000000000000000000000000000116,0.000000000000000000000000000000000000000000000000000000000000000000000000000000000696,"***"
"African",1.3,"mixed","per_cM_nonzero_log","Medium ROH","Long ROH",500,500,81331,0.00000000717,0.0000000215,"***"
"African",1.3,"mixed","per_cM_nonzero_log","Medium ROH","Non-ROH",500,500,105797,0.000000000000000000000000000000000000000109,0.000000000000000000000000000000000000000545,"***"
"African",1.3,"mixed","per_cM_nonzero_log","Long ROH","Non-ROH",500,500,75496,0.0000684,0.000137,"***"
"European",0.7,"recessive","per_cM_nonzero_log","Short ROH","Medium ROH",500,500,120650,0.00000000000000000000000000000000000000000000000000000000000000000000000469,0.00000000000000000000000000000000000000000000000000000000000000000000000938,"***"
"European",0.7,"recessive","per_cM_nonzero_log","Short ROH","Long ROH",500,500,14684,0.0000000000000000000000000000000000000000000000000916,0.0000000000000000000000000000000000000000000000000916,"***"
"European",0.7,"recessive","per_cM_nonzero_log","Short ROH","Non-ROH",500,500,125250,0.0000000000000000000000000000000000000000000000000000000000000000000000000000000000127,0.0000000000000000000000000000000000000000000000000000000000000000000000000000000000762,"***"
"European",0.7,"recessive","per_cM_nonzero_log","Medium ROH","Long ROH",500,500,3766,0.0000000000000000000000000000000000000000000000000000000000000000000000000435,0.00000000000000000000000000000000000000000000000000000000000000000000000013,"***"
"European",0.7,"recessive","per_cM_nonzero_log","Medium ROH","Non-ROH",500,500,125250,0.0000000000000000000000000000000000000000000000000000000000000000000000000000000000127,0.0000000000000000000000000000000000000000000000000000000000000000000000000000000000762,"***"
"European",0.7,"recessive","per_cM_nonzero_log","Long ROH","Non-ROH",500,500,125250,0.0000000000000000000000000000000000000000000000000000000000000000000000000000000000127,0.0000000000000000000000000000000000000000000000000000000000000000000000000000000000762,"***"
"European",0.7,"additive","per_cM_nonzero_log","Short ROH","Medium ROH",500,500,125250,0.0000000000000000000000000000000000000000000000000000000000000000000000000000000000127,0.0000000000000000000000000000000000000000000000000000000000000000000000000000000000762,"***"
"European",0.7,"additive","per_cM_nonzero_log","Short ROH","Long ROH",500,500,79001,0.000000406,0.000000406,"***"
"European",0.7,"additive","per_cM_nonzero_log","Short ROH","Non-ROH",500,500,125250,0.0000000000000000000000000000000000000000000000000000000000000000000000000000000000127,0.0000000000000000000000000000000000000000000000000000000000000000000000000000000000762,"***"
"European",0.7,"additive","per_cM_nonzero_log","Medium ROH","Long ROH",500,500,10043,0.0000000000000000000000000000000000000000000000000000000000168,0.0000000000000000000000000000000000000000000000000000000000504,"***"
"European",0.7,"additive","per_cM_nonzero_log","Medium ROH","Non-ROH",500,500,114226,0.00000000000000000000000000000000000000000000000000000000228,0.00000000000000000000000000000000000000000000000000000000456,"***"
"European",0.7,"additive","per_cM_nonzero_log","Long ROH","Non-ROH",500,500,121788,0.00000000000000000000000000000000000000000000000000000000000000000000000000778,0.0000000000000000000000000000000000000000000000000000000000000000000000000311,"***"
"European",0.7,"dominant","per_cM_nonzero_log","Short ROH","Medium ROH",500,500,124904,0.000000000000000000000000000000000000000000000000000000000000000000000000000000000101,0.000000000000000000000000000000000000000000000000000000000000000000000000000000000505,"***"
"European",0.7,"dominant","per_cM_nonzero_log","Short ROH","Long ROH",500,500,93328,0.00000000000000000000213,0.00000000000000000000426,"***"
"European",0.7,"dominant","per_cM_nonzero_log","Short ROH","Non-ROH",500,500,125250,0.0000000000000000000000000000000000000000000000000000000000000000000000000000000000127,0.0000000000000000000000000000000000000000000000000000000000000000000000000000000000762,"***"
"European",0.7,"dominant","per_cM_nonzero_log","Medium ROH","Long ROH",500,500,22023,0.00000000000000000000000000000000000346,0.0000000000000000000000000000000000104,"***"
"European",0.7,"dominant","per_cM_nonzero_log","Medium ROH","Non-ROH",500,500,56727,0.068,0.068,"ns"
"European",0.7,"dominant","per_cM_nonzero_log","Long ROH","Non-ROH",500,500,105102,0.00000000000000000000000000000000000000191,0.00000000000000000000000000000000000000764,"***"
"European",0.7,"mixed","per_cM_nonzero_log","Short ROH","Medium ROH",500,500,125026,0.0000000000000000000000000000000000000000000000000000000000000000000000000000000000486,0.000000000000000000000000000000000000000000000000000000000000000000000000000000000243,"***"
"European",0.7,"mixed","per_cM_nonzero_log","Short ROH","Long ROH",500,500,70332,0.017,0.017,"*"
"European",0.7,"mixed","per_cM_nonzero_log","Short ROH","Non-ROH",500,500,125250,0.0000000000000000000000000000000000000000000000000000000000000000000000000000000000127,0.0000000000000000000000000000000000000000000000000000000000000000000000000000000000762,"***"
"European",0.7,"mixed","per_cM_nonzero_log","Medium ROH","Long ROH",500,500,12505,0.00000000000000000000000000000000000000000000000000000317,0.00000000000000000000000000000000000000000000000000000634,"***"
"European",0.7,"mixed","per_cM_nonzero_log","Medium ROH","Non-ROH",500,500,123202,0.0000000000000000000000000000000000000000000000000000000000000000000000000000023,0.0000000000000000000000000000000000000000000000000000000000000000000000000000092,"***"
"European",0.7,"mixed","per_cM_nonzero_log","Long ROH","Non-ROH",500,500,122471,0.000000000000000000000000000000000000000000000000000000000000000000000000000157,0.000000000000000000000000000000000000000000000000000000000000000000000000000471,"***"
"European",0.8,"recessive","per_cM_nonzero_log","Short ROH","Medium ROH",500,500,105332,0.000000000000000000000000000000000000000745,0.000000000000000000000000000000000000000745,"***"
"European",0.8,"recessive","per_cM_nonzero_log","Short ROH","Long ROH",500,500,13574,0.000000000000000000000000000000000000000000000000000518,0.00000000000000000000000000000000000000000000000000104,"***"
"European",0.8,"recessive","per_cM_nonzero_log","Short ROH","Non-ROH",500,500,125250,0.0000000000000000000000000000000000000000000000000000000000000000000000000000000000127,0.0000000000000000000000000000000000000000000000000000000000000000000000000000000000762,"***"
"European",0.8,"recessive","per_cM_nonzero_log","Medium ROH","Long ROH",500,500,6542,0.000000000000000000000000000000000000000000000000000000000000000000196,0.000000000000000000000000000000000000000000000000000000000000000000588,"***"
"European",0.8,"recessive","per_cM_nonzero_log","Medium ROH","Non-ROH",500,500,125250,0.0000000000000000000000000000000000000000000000000000000000000000000000000000000000127,0.0000000000000000000000000000000000000000000000000000000000000000000000000000000000762,"***"
"European",0.8,"recessive","per_cM_nonzero_log","Long ROH","Non-ROH",500,500,125250,0.0000000000000000000000000000000000000000000000000000000000000000000000000000000000127,0.0000000000000000000000000000000000000000000000000000000000000000000000000000000000762,"***"
"European",0.8,"additive","per_cM_nonzero_log","Short ROH","Medium ROH",500,500,125119,0.0000000000000000000000000000000000000000000000000000000000000000000000000000000000279,0.00000000000000000000000000000000000000000000000000000000000000000000000000000000014,"***"
"European",0.8,"additive","per_cM_nonzero_log","Short ROH","Long ROH",500,500,86187,0.000000000000311,0.000000000000311,"***"
"European",0.8,"additive","per_cM_nonzero_log","Short ROH","Non-ROH",500,500,125250,0.0000000000000000000000000000000000000000000000000000000000000000000000000000000000127,0.0000000000000000000000000000000000000000000000000000000000000000000000000000000000762,"***"
"European",0.8,"additive","per_cM_nonzero_log","Medium ROH","Long ROH",500,500,21091,0.0000000000000000000000000000000000000867,0.000000000000000000000000000000000000173,"***"
"European",0.8,"additive","per_cM_nonzero_log","Medium ROH","Non-ROH",500,500,104920,0.00000000000000000000000000000000000000402,0.0000000000000000000000000000000000000121,"***"
"European",0.8,"additive","per_cM_nonzero_log","Long ROH","Non-ROH",500,500,116001,0.000000000000000000000000000000000000000000000000000000000000296,0.00000000000000000000000000000000000000000000000000000000000118,"***"
"European",0.8,"dominant","per_cM_nonzero_log","Short ROH","Medium ROH",500,500,123802,0.0000000000000000000000000000000000000000000000000000000000000000000000000000000691,0.000000000000000000000000000000000000000000000000000000000000000000000000000000346,"***"
"European",0.8,"dominant","per_cM_nonzero_log","Short ROH","Long ROH",500,500,99654,0.0000000000000000000000000000022,0.0000000000000000000000000000088,"***"
"European",0.8,"dominant","per_cM_nonzero_log","Short ROH","Non-ROH",500,500,125250,0.0000000000000000000000000000000000000000000000000000000000000000000000000000000000127,0.0000000000000000000000000000000000000000000000000000000000000000000000000000000000762,"***"
"European",0.8,"dominant","per_cM_nonzero_log","Medium ROH","Long ROH",500,500,40512,0.00000000000786,0.0000000000157,"***"
"European",0.8,"dominant","per_cM_nonzero_log","Medium ROH","Non-ROH",500,500,56426,0.055,0.055,"ns"
"European",0.8,"dominant","per_cM_nonzero_log","Long ROH","Non-ROH",500,500,84934,0.00000000000514,0.0000000000154,"***"
"European",0.8,"mixed","per_cM_nonzero_log","Short ROH","Medium ROH",500,500,124323,0.0000000000000000000000000000000000000000000000000000000000000000000000000000000032,0.000000000000000000000000000000000000000000000000000000000000000000000000000000016,"***"
"European",0.8,"mixed","per_cM_nonzero_log","Short ROH","Long ROH",500,500,76324,0.0000226,0.0000226,"***"
"European",0.8,"mixed","per_cM_nonzero_log","Short ROH","Non-ROH",500,500,125250,0.0000000000000000000000000000000000000000000000000000000000000000000000000000000000127,0.0000000000000000000000000000000000000000000000000000000000000000000000000000000000762,"***"
"European",0.8,"mixed","per_cM_nonzero_log","Medium ROH","Long ROH",500,500,23164,0.000000000000000000000000000000000281,0.000000000000000000000000000000000562,"***"
"European",0.8,"mixed","per_cM_nonzero_log","Medium ROH","Non-ROH",500,500,119157,0.0000000000000000000000000000000000000000000000000000000000000000000173,0.0000000000000000000000000000000000000000000000000000000000000000000519,"***"
"European",0.8,"mixed","per_cM_nonzero_log","Long ROH","Non-ROH",500,500,119293,0.00000000000000000000000000000000000000000000000000000000000000000000824,0.000000000000000000000000000000000000000000000000000000000000000000033,"***"
"European",0.9,"recessive","per_cM_nonzero_log","Short ROH","Medium ROH",500,500,81459,0.00000000566,0.00000000566,"***"
"European",0.9,"recessive","per_cM_nonzero_log","Short ROH","Long ROH",500,500,13348,0.000000000000000000000000000000000000000000000000000178,0.000000000000000000000000000000000000000000000000000356,"***"
"European",0.9,"recessive","per_cM_nonzero_log","Short ROH","Non-ROH",500,500,125250,0.0000000000000000000000000000000000000000000000000000000000000000000000000000000000127,0.0000000000000000000000000000000000000000000000000000000000000000000000000000000000762,"***"
"European",0.9,"recessive","per_cM_nonzero_log","Medium ROH","Long ROH",500,500,10335,0.0000000000000000000000000000000000000000000000000000000000732,0.00000000000000000000000000000000000000000000000000000000022,"***"
"European",0.9,"recessive","per_cM_nonzero_log","Medium ROH","Non-ROH",500,500,125250,0.0000000000000000000000000000000000000000000000000000000000000000000000000000000000127,0.0000000000000000000000000000000000000000000000000000000000000000000000000000000000762,"***"
"European",0.9,"recessive","per_cM_nonzero_log","Long ROH","Non-ROH",500,500,125250,0.0000000000000000000000000000000000000000000000000000000000000000000000000000000000127,0.0000000000000000000000000000000000000000000000000000000000000000000000000000000000762,"***"
"European",0.9,"additive","per_cM_nonzero_log","Short ROH","Medium ROH",500,500,124020,0.0000000000000000000000000000000000000000000000000000000000000000000000000000000192,0.000000000000000000000000000000000000000000000000000000000000000000000000000000096,"***"
"European",0.9,"additive","per_cM_nonzero_log","Short ROH","Long ROH",500,500,92827,0.00000000000000000000931,0.0000000000000000000279,"***"
"European",0.9,"additive","per_cM_nonzero_log","Short ROH","Non-ROH",500,500,125250,0.0000000000000000000000000000000000000000000000000000000000000000000000000000000000127,0.0000000000000000000000000000000000000000000000000000000000000000000000000000000000762,"***"
"European",0.9,"additive","per_cM_nonzero_log","Medium ROH","Long ROH",500,500,37054,0.00000000000000256,0.00000000000000256,"***"
"European",0.9,"additive","per_cM_nonzero_log","Medium ROH","Non-ROH",500,500,92044,0.0000000000000000000892,0.000000000000000000178,"***"
"European",0.9,"additive","per_cM_nonzero_log","Long ROH","Non-ROH",500,500,102210,0.000000000000000000000000000000000176,0.000000000000000000000000000000000704,"***"
"European",0.9,"dominant","per_cM_nonzero_log","Short ROH","Medium ROH",500,500,121188,0.000000000000000000000000000000000000000000000000000000000000000000000000231,0.00000000000000000000000000000000000000000000000000000000000000000000000116,"***"
"European",0.9,"dominant","per_cM_nonzero_log","Short ROH","Long ROH",500,500,104645,0.0000000000000000000000000000000000000123,0.0000000000000000000000000000000000000492,"***"
"European",0.9,"dominant","per_cM_nonzero_log","Short ROH","Non-ROH",500,500,125249,0.0000000000000000000000000000000000000000000000000000000000000000000000000000000000128,0.0000000000000000000000000000000000000000000000000000000000000000000000000000000000768,"***"
"European",0.9,"dominant","per_cM_nonzero_log","Medium ROH","Long ROH",500,500,59188,0.288,0.576,"ns"
"European",0.9,"dominant","per_cM_nonzero_log","Medium ROH","Non-ROH",500,500,55033,0.019,0.056,"ns"
"European",0.9,"dominant","per_cM_nonzero_log","Long ROH","Non-ROH",500,500,62287,0.917,0.917,"ns"
"European",0.9,"mixed","per_cM_nonzero_log","Short ROH","Medium ROH",500,500,122106,0.00000000000000000000000000000000000000000000000000000000000000000000000000127,0.00000000000000000000000000000000000000000000000000000000000000000000000000635,"***"
"European",0.9,"mixed","per_cM_nonzero_log","Short ROH","Long ROH",500,500,82780,0.000000000451,0.000000000451,"***"
"European",0.9,"mixed","per_cM_nonzero_log","Short ROH","Non-ROH",500,500,125250,0.0000000000000000000000000000000000000000000000000000000000000000000000000000000000127,0.0000000000000000000000000000000000000000000000000000000000000000000000000000000000762,"***"
"European",0.9,"mixed","per_cM_nonzero_log","Medium ROH","Long ROH",500,500,36959,0.00000000000000202,0.00000000000000404,"***"
"European",0.9,"mixed","per_cM_nonzero_log","Medium ROH","Non-ROH",500,500,111143,0.00000000000000000000000000000000000000000000000000631,0.0000000000000000000000000000000000000000000000000252,"***"
"European",0.9,"mixed","per_cM_nonzero_log","Long ROH","Non-ROH",500,500,110609,0.0000000000000000000000000000000000000000000000000751,0.000000000000000000000000000000000000000000000000225,"***"
"European",1,"recessive","per_cM_nonzero_log","Short ROH","Medium ROH",500,500,60477,0.506,0.506,"ns"
"European",1,"recessive","per_cM_nonzero_log","Short ROH","Long ROH",500,500,13740,0.00000000000000000000000000000000000000000000000000113,0.00000000000000000000000000000000000000000000000000339,"***"
"European",1,"recessive","per_cM_nonzero_log","Short ROH","Non-ROH",500,500,125250,0.0000000000000000000000000000000000000000000000000000000000000000000000000000000000127,0.0000000000000000000000000000000000000000000000000000000000000000000000000000000000762,"***"
"European",1,"recessive","per_cM_nonzero_log","Medium ROH","Long ROH",500,500,15002,0.000000000000000000000000000000000000000000000000395,0.00000000000000000000000000000000000000000000000079,"***"
"European",1,"recessive","per_cM_nonzero_log","Medium ROH","Non-ROH",500,500,125250,0.0000000000000000000000000000000000000000000000000000000000000000000000000000000000127,0.0000000000000000000000000000000000000000000000000000000000000000000000000000000000762,"***"
"European",1,"recessive","per_cM_nonzero_log","Long ROH","Non-ROH",500,500,125250,0.0000000000000000000000000000000000000000000000000000000000000000000000000000000000127,0.0000000000000000000000000000000000000000000000000000000000000000000000000000000000762,"***"
"European",1,"additive","per_cM_nonzero_log","Short ROH","Medium ROH",500,500,121432,0.0000000000000000000000000000000000000000000000000000000000000000000000000584,0.000000000000000000000000000000000000000000000000000000000000000000000000292,"***"
"European",1,"additive","per_cM_nonzero_log","Short ROH","Long ROH",500,500,98635,0.0000000000000000000000000000797,0.000000000000000000000000000319,"***"
"European",1,"additive","per_cM_nonzero_log","Short ROH","Non-ROH",500,500,125248,0.0000000000000000000000000000000000000000000000000000000000000000000000000000000000128,0.0000000000000000000000000000000000000000000000000000000000000000000000000000000000768,"***"
"European",1,"additive","per_cM_nonzero_log","Medium ROH","Long ROH",500,500,53271,0.004,0.004,"**"
"European",1,"additive","per_cM_nonzero_log","Medium ROH","Non-ROH",500,500,78959,0.000000435,0.00000087,"***"
"European",1,"additive","per_cM_nonzero_log","Long ROH","Non-ROH",500,500,80625,0.0000000257,0.0000000771,"***"
"European",1,"dominant","per_cM_nonzero_log","Short ROH","Medium ROH",500,500,117668,0.0000000000000000000000000000000000000000000000000000000000000000503,0.000000000000000000000000000000000000000000000000000000000000000252,"***"
"European",1,"dominant","per_cM_nonzero_log","Short ROH","Long ROH",500,500,108698,0.000000000000000000000000000000000000000000000425,0.0000000000000000000000000000000000000000000017,"***"
"European",1,"dominant","per_cM_nonzero_log","Short ROH","Non-ROH",500,500,125199,0.0000000000000000000000000000000000000000000000000000000000000000000000000000000000172,0.000000000000000000000000000000000000000000000000000000000000000000000000000000000103,"***"
"European",1,"dominant","per_cM_nonzero_log","Medium ROH","Long ROH",500,500,73981,0.000443,0.000886,"***"
"European",1,"dominant","per_cM_nonzero_log","Medium ROH","Non-ROH",500,500,52658,0.002,0.002,"**"
"European",1,"dominant","per_cM_nonzero_log","Long ROH","Non-ROH",500,500,44353,0.0000000158,0.0000000474,"***"
"European",1,"mixed","per_cM_nonzero_log","Short ROH","Medium ROH",500,500,118275,0.000000000000000000000000000000000000000000000000000000000000000002,0.00000000000000000000000000000000000000000000000000000000000000001,"***"
"European",1,"mixed","per_cM_nonzero_log","Short ROH","Long ROH",500,500,88497,0.0000000000000012,0.0000000000000024,"***"
"European",1,"mixed","per_cM_nonzero_log","Short ROH","Non-ROH",500,500,125248,0.0000000000000000000000000000000000000000000000000000000000000000000000000000000000128,0.0000000000000000000000000000000000000000000000000000000000000000000000000000000000768,"***"
"European",1,"mixed","per_cM_nonzero_log","Medium ROH","Long ROH",500,500,50677,0.000219,0.000219,"***"
"European",1,"mixed","per_cM_nonzero_log","Medium ROH","Non-ROH",500,500,100244,0.000000000000000000000000000000263,0.00000000000000000000000000000105,"***"
"European",1,"mixed","per_cM_nonzero_log","Long ROH","Non-ROH",500,500,95525,0.00000000000000000000000248,0.00000000000000000000000744,"***"
"European",1.1,"recessive","per_cM_nonzero_log","Short ROH","Medium ROH",500,500,46195,0.000000372,0.000000372,"***"
"European",1.1,"recessive","per_cM_nonzero_log","Short ROH","Long ROH",500,500,14701,0.000000000000000000000000000000000000000000000000099,0.000000000000000000000000000000000000000000000000297,"***"
"European",1.1,"recessive","per_cM_nonzero_log","Short ROH","Non-ROH",500,500,125250,0.0000000000000000000000000000000000000000000000000000000000000000000000000000000000127,0.0000000000000000000000000000000000000000000000000000000000000000000000000000000000762,"***"
"European",1.1,"recessive","per_cM_nonzero_log","Medium ROH","Long ROH",500,500,20020,0.00000000000000000000000000000000000000113,0.00000000000000000000000000000000000000226,"***"
"European",1.1,"recessive","per_cM_nonzero_log","Medium ROH","Non-ROH",500,500,125250,0.0000000000000000000000000000000000000000000000000000000000000000000000000000000000127,0.0000000000000000000000000000000000000000000000000000000000000000000000000000000000762,"***"
"European",1.1,"recessive","per_cM_nonzero_log","Long ROH","Non-ROH",500,500,125250,0.0000000000000000000000000000000000000000000000000000000000000000000000000000000000127,0.0000000000000000000000000000000000000000000000000000000000000000000000000000000000762,"***"
"European",1.1,"additive","per_cM_nonzero_log","Short ROH","Medium ROH",500,500,118495,0.000000000000000000000000000000000000000000000000000000000000000000614,0.00000000000000000000000000000000000000000000000000000000000000000307,"***"
"European",1.1,"additive","per_cM_nonzero_log","Short ROH","Long ROH",500,500,103493,0.00000000000000000000000000000000000122,0.00000000000000000000000000000000000488,"***"
"European",1.1,"additive","per_cM_nonzero_log","Short ROH","Non-ROH",500,500,125201,0.000000000000000000000000000000000000000000000000000000000000000000000000000000000017,0.000000000000000000000000000000000000000000000000000000000000000000000000000000000102,"***"
"European",1.1,"additive","per_cM_nonzero_log","Medium ROH","Long ROH",500,500,66724,0.205,0.41,"ns"
"European",1.1,"additive","per_cM_nonzero_log","Medium ROH","Non-ROH",500,500,67647,0.12,0.36,"ns"
"European",1.1,"additive","per_cM_nonzero_log","Long ROH","Non-ROH",500,500,59542,0.34,0.41,"ns"
"European",1.1,"dominant","per_cM_nonzero_log","Short ROH","Medium ROH",500,500,114346,0.00000000000000000000000000000000000000000000000000000000126,0.0000000000000000000000000000000000000000000000000000000063,"***"
"European",1.1,"dominant","per_cM_nonzero_log","Short ROH","Long ROH",500,500,111927,0.000000000000000000000000000000000000000000000000000158,0.000000000000000000000000000000000000000000000000000632,"***"
"European",1.1,"dominant","per_cM_nonzero_log","Short ROH","Non-ROH",500,500,124714,0.000000000000000000000000000000000000000000000000000000000000000000000000000000000314,0.00000000000000000000000000000000000000000000000000000000000000000000000000000000188,"***"
"European",1.1,"dominant","per_cM_nonzero_log","Medium ROH","Long ROH",500,500,84735,0.00000000000791,0.0000000000158,"***"
"European",1.1,"dominant","per_cM_nonzero_log","Medium ROH","Non-ROH",500,500,49349,0.0000401,0.0000401,"***"
"European",1.1,"dominant","per_cM_nonzero_log","Long ROH","Non-ROH",500,500,32201,0.00000000000000000000486,0.0000000000000000000146,"***"
"European",1.1,"mixed","per_cM_nonzero_log","Short ROH","Medium ROH",500,500,114158,0.00000000000000000000000000000000000000000000000000000000319,0.000000000000000000000000000000000000000000000000000000016,"***"
"European",1.1,"mixed","per_cM_nonzero_log","Short ROH","Long ROH",500,500,93759,0.000000000000000000000586,0.00000000000000000000234,"***"
"European",1.1,"mixed","per_cM_nonzero_log","Short ROH","Non-ROH",500,500,125226,0.0000000000000000000000000000000000000000000000000000000000000000000000000000000000147,0.0000000000000000000000000000000000000000000000000000000000000000000000000000000000882,"***"
"European",1.1,"mixed","per_cM_nonzero_log","Medium ROH","Long ROH",500,500,62246,0.907,0.907,"ns"
"European",1.1,"mixed","per_cM_nonzero_log","Medium ROH","Non-ROH",500,500,88710,0.000000000000000704,0.00000000000000211,"***"
"European",1.1,"mixed","per_cM_nonzero_log","Long ROH","Non-ROH",500,500,78025,0.0000019,0.0000038,"***"
"European",1.2,"recessive","per_cM_nonzero_log","Short ROH","Medium ROH",500,500,37201,0.00000000000000368,0.00000000000000368,"***"
"European",1.2,"recessive","per_cM_nonzero_log","Short ROH","Long ROH",500,500,16070,0.0000000000000000000000000000000000000000000000497,0.000000000000000000000000000000000000000000000149,"***"
"European",1.2,"recessive","per_cM_nonzero_log","Short ROH","Non-ROH",500,500,125250,0.0000000000000000000000000000000000000000000000000000000000000000000000000000000000127,0.0000000000000000000000000000000000000000000000000000000000000000000000000000000000762,"***"
"European",1.2,"recessive","per_cM_nonzero_log","Medium ROH","Long ROH",500,500,25113,0.000000000000000000000000000000388,0.000000000000000000000000000000776,"***"
"European",1.2,"recessive","per_cM_nonzero_log","Medium ROH","Non-ROH",500,500,125250,0.0000000000000000000000000000000000000000000000000000000000000000000000000000000000127,0.0000000000000000000000000000000000000000000000000000000000000000000000000000000000762,"***"
"European",1.2,"recessive","per_cM_nonzero_log","Long ROH","Non-ROH",500,500,125250,0.0000000000000000000000000000000000000000000000000000000000000000000000000000000000127,0.0000000000000000000000000000000000000000000000000000000000000000000000000000000000762,"***"
"European",1.2,"additive","per_cM_nonzero_log","Short ROH","Medium ROH",500,500,115867,0.000000000000000000000000000000000000000000000000000000000000587,0.00000000000000000000000000000000000000000000000000000000000294,"***"
"European",1.2,"additive","per_cM_nonzero_log","Short ROH","Long ROH",500,500,107480,0.0000000000000000000000000000000000000000000875,0.00000000000000000000000000000000000000000035,"***"
"European",1.2,"additive","per_cM_nonzero_log","Short ROH","Non-ROH",500,500,124970,0.000000000000000000000000000000000000000000000000000000000000000000000000000000000068,0.000000000000000000000000000000000000000000000000000000000000000000000000000000000408,"***"
"European",1.2,"additive","per_cM_nonzero_log","Medium ROH","Long ROH",500,500,77320,0.00000546,0.0000109,"***"
"European",1.2,"additive","per_cM_nonzero_log","Medium ROH","Non-ROH",500,500,58606,0.214,0.214,"ns"
"European",1.2,"additive","per_cM_nonzero_log","Long ROH","Non-ROH",500,500,44004,0.00000000838,0.0000000251,"***"
"European",1.2,"dominant","per_cM_nonzero_log","Short ROH","Medium ROH",500,500,111819,0.000000000000000000000000000000000000000000000000000264,0.00000000000000000000000000000000000000000000000000106,"***"
"European",1.2,"dominant","per_cM_nonzero_log","Short ROH","Long ROH",500,500,114533,0.000000000000000000000000000000000000000000000000000000000496,0.00000000000000000000000000000000000000000000000000000000248,"***"
"European",1.2,"dominant","per_cM_nonzero_log","Short ROH","Non-ROH",500,500,122893,0.0000000000000000000000000000000000000000000000000000000000000000000000000000138,0.0000000000000000000000000000000000000000000000000000000000000000000000000000828,"***"
"European",1.2,"dominant","per_cM_nonzero_log","Medium ROH","Long ROH",500,500,92186,0.0000000000000000000595,0.000000000000000000119,"***"
"European",1.2,"dominant","per_cM_nonzero_log","Medium ROH","Non-ROH",500,500,45483,0.000000114,0.000000114,"***"
"European",1.2,"dominant","per_cM_nonzero_log","Long ROH","Non-ROH",500,500,23957,0.00000000000000000000000000000000557,0.0000000000000000000000000000000167,"***"
"European",1.2,"mixed","per_cM_nonzero_log","Short ROH","Medium ROH",500,500,110658,0.0000000000000000000000000000000000000000000000000599,0.0000000000000000000000000000000000000000000000003,"***"
"European",1.2,"mixed","per_cM_nonzero_log","Short ROH","Long ROH",500,500,98639,0.0000000000000000000000000000786,0.000000000000000000000000000314,"***"
"European",1.2,"mixed","per_cM_nonzero_log","Short ROH","Non-ROH",500,500,125025,0.0000000000000000000000000000000000000000000000000000000000000000000000000000000000489,0.000000000000000000000000000000000000000000000000000000000000000000000000000000000293,"***"
"European",1.2,"mixed","per_cM_nonzero_log","Medium ROH","Long ROH",500,500,71366,0.007,0.014,"*"
"European",1.2,"mixed","per_cM_nonzero_log","Medium ROH","Non-ROH",500,500,77975,0.00000205,0.00000615,"***"
"European",1.2,"mixed","per_cM_nonzero_log","Long ROH","Non-ROH",500,500,62056,0.86,0.86,"ns"
"European",1.3,"recessive","per_cM_nonzero_log","Short ROH","Medium ROH",500,500,31920,0.00000000000000000000212,0.00000000000000000000212,"***"
"European",1.3,"recessive","per_cM_nonzero_log","Short ROH","Long ROH",500,500,17784,0.000000000000000000000000000000000000000000093,0.000000000000000000000000000000000000000000279,"***"
"European",1.3,"recessive","per_cM_nonzero_log","Short ROH","Non-ROH",500,500,125250,0.0000000000000000000000000000000000000000000000000000000000000000000000000000000000127,0.0000000000000000000000000000000000000000000000000000000000000000000000000000000000762,"***"
"European",1.3,"recessive","per_cM_nonzero_log","Medium ROH","Long ROH",500,500,30036,0.00000000000000000000000663,0.0000000000000000000000133,"***"
"European",1.3,"recessive","per_cM_nonzero_log","Medium ROH","Non-ROH",500,500,125250,0.0000000000000000000000000000000000000000000000000000000000000000000000000000000000127,0.0000000000000000000000000000000000000000000000000000000000000000000000000000000000762,"***"
"European",1.3,"recessive","per_cM_nonzero_log","Long ROH","Non-ROH",500,500,125250,0.0000000000000000000000000000000000000000000000000000000000000000000000000000000000127,0.0000000000000000000000000000000000000000000000000000000000000000000000000000000000762,"***"
"European",1.3,"additive","per_cM_nonzero_log","Short ROH","Medium ROH",500,500,113833,0.0000000000000000000000000000000000000000000000000000000159,0.0000000000000000000000000000000000000000000000000000000795,"***"
"European",1.3,"additive","per_cM_nonzero_log","Short ROH","Long ROH",500,500,110837,0.0000000000000000000000000000000000000000000000000262,0.000000000000000000000000000000000000000000000000105,"***"
"European",1.3,"additive","per_cM_nonzero_log","Short ROH","Non-ROH",500,500,124266,0.00000000000000000000000000000000000000000000000000000000000000000000000000000000448,0.0000000000000000000000000000000000000000000000000000000000000000000000000000000269,"***"
"European",1.3,"additive","per_cM_nonzero_log","Medium ROH","Long ROH",500,500,85242,0.00000000000262,0.00000000000524,"***"
"European",1.3,"additive","per_cM_nonzero_log","Medium ROH","Non-ROH",500,500,51355,0.000489,0.000489,"***"
"European",1.3,"additive","per_cM_nonzero_log","Long ROH","Non-ROH",500,500,33214,0.0000000000000000000913,0.000000000000000000274,"***"
"European",1.3,"dominant","per_cM_nonzero_log","Short ROH","Medium ROH",500,500,110006,0.00000000000000000000000000000000000000000000000119,0.00000000000000000000000000000000000000000000000476,"***"
"European",1.3,"dominant","per_cM_nonzero_log","Short ROH","Long ROH",500,500,116514,0.000000000000000000000000000000000000000000000000000000000000021,0.000000000000000000000000000000000000000000000000000000000000105,"***"
"European",1.3,"dominant","per_cM_nonzero_log","Short ROH","Non-ROH",500,500,119096,0.000000000000000000000000000000000000000000000000000000000000000000024,0.000000000000000000000000000000000000000000000000000000000000000000144,"***"
"European",1.3,"dominant","per_cM_nonzero_log","Medium ROH","Long ROH",500,500,97340,0.00000000000000000000000000662,0.0000000000000000000000000132,"***"
"European",1.3,"dominant","per_cM_nonzero_log","Medium ROH","Non-ROH",500,500,41606,0.0000000000789,0.0000000000789,"***"
"European",1.3,"dominant","per_cM_nonzero_log","Long ROH","Non-ROH",500,500,18068,0.000000000000000000000000000000000000000000315,0.000000000000000000000000000000000000000000945,"***"
"European",1.3,"mixed","per_cM_nonzero_log","Short ROH","Medium ROH",500,500,108158,0.00000000000000000000000000000000000000000000459,0.0000000000000000000000000000000000000000000229,"***"
"European",1.3,"mixed","per_cM_nonzero_log","Short ROH","Long ROH",500,500,102790,0.0000000000000000000000000000000000189,0.0000000000000000000000000000000000756,"***"
"European",1.3,"mixed","per_cM_nonzero_log","Short ROH","Non-ROH",500,500,124356,0.00000000000000000000000000000000000000000000000000000000000000000000000000000000263,0.0000000000000000000000000000000000000000000000000000000000000000000000000000000158,"***"
"European",1.3,"mixed","per_cM_nonzero_log","Medium ROH","Long ROH",500,500,78545,0.000000843,0.00000253,"***"
"European",1.3,"mixed","per_cM_nonzero_log","Medium ROH","Non-ROH",500,500,68816,0.056,0.056,"ns"
"European",1.3,"mixed","per_cM_nonzero_log","Long ROH","Non-ROH",500,500,49007,0.0000252,0.0000504,"***"
"East Asian",0.7,"recessive","per_cM_nonzero_log","Short ROH","Medium ROH",500,500,125126,0.0000000000000000000000000000000000000000000000000000000000000000000000000000000000267,0.0000000000000000000000000000000000000000000000000000000000000000000000000000000000801,"***"
"East Asian",0.7,"recessive","per_cM_nonzero_log","Short ROH","Long ROH",500,500,19601,0.000000000000000000000000000000000000000201,0.000000000000000000000000000000000000000201,"***"
"East Asian",0.7,"recessive","per_cM_nonzero_log","Short ROH","Non-ROH",500,500,125250,0.0000000000000000000000000000000000000000000000000000000000000000000000000000000000127,0.0000000000000000000000000000000000000000000000000000000000000000000000000000000000762,"***"
"East Asian",0.7,"recessive","per_cM_nonzero_log","Medium ROH","Long ROH",500,500,3684,0.0000000000000000000000000000000000000000000000000000000000000000000000000274,0.0000000000000000000000000000000000000000000000000000000000000000000000000548,"***"
"East Asian",0.7,"recessive","per_cM_nonzero_log","Medium ROH","Non-ROH",500,500,125250,0.0000000000000000000000000000000000000000000000000000000000000000000000000000000000127,0.0000000000000000000000000000000000000000000000000000000000000000000000000000000000762,"***"
"East Asian",0.7,"recessive","per_cM_nonzero_log","Long ROH","Non-ROH",500,500,125243,0.0000000000000000000000000000000000000000000000000000000000000000000000000000000000132,0.0000000000000000000000000000000000000000000000000000000000000000000000000000000000762,"***"
"East Asian",0.7,"additive","per_cM_nonzero_log","Short ROH","Medium ROH",500,500,125250,0.0000000000000000000000000000000000000000000000000000000000000000000000000000000000127,0.0000000000000000000000000000000000000000000000000000000000000000000000000000000000762,"***"
"East Asian",0.7,"additive","per_cM_nonzero_log","Short ROH","Long ROH",500,500,76922,0.00000974,0.00000974,"***"
"East Asian",0.7,"additive","per_cM_nonzero_log","Short ROH","Non-ROH",500,500,125250,0.0000000000000000000000000000000000000000000000000000000000000000000000000000000000127,0.0000000000000000000000000000000000000000000000000000000000000000000000000000000000762,"***"
"East Asian",0.7,"additive","per_cM_nonzero_log","Medium ROH","Long ROH",500,500,7013,0.00000000000000000000000000000000000000000000000000000000000000000244,0.00000000000000000000000000000000000000000000000000000000000000000732,"***"
"East Asian",0.7,"additive","per_cM_nonzero_log","Medium ROH","Non-ROH",500,500,83521,0.000000000102,0.000000000204,"***"
"East Asian",0.7,"additive","per_cM_nonzero_log","Long ROH","Non-ROH",500,500,119956,0.000000000000000000000000000000000000000000000000000000000000000000000219,0.000000000000000000000000000000000000000000000000000000000000000000000876,"***"
"East Asian",0.7,"dominant","per_cM_nonzero_log","Short ROH","Medium ROH",500,500,125244,0.0000000000000000000000000000000000000000000000000000000000000000000000000000000000132,0.0000000000000000000000000000000000000000000000000000000000000000000000000000000000762,"***"
"East Asian",0.7,"dominant","per_cM_nonzero_log","Short ROH","Long ROH",500,500,84237,0.0000000000229,0.0000000000229,"***"
"East Asian",0.7,"dominant","per_cM_nonzero_log","Short ROH","Non-ROH",500,500,125250,0.0000000000000000000000000000000000000000000000000000000000000000000000000000000000127,0.0000000000000000000000000000000000000000000000000000000000000000000000000000000000762,"***"
"East Asian",0.7,"dominant","per_cM_nonzero_log","Medium ROH","Long ROH",500,500,14554,0.0000000000000000000000000000000000000000000000000502,0.000000000000000000000000000000000000000000000000201,"***"
"East Asian",0.7,"dominant","per_cM_nonzero_log","Medium ROH","Non-ROH",500,500,25661,0.00000000000000000000000000000278,0.00000000000000000000000000000556,"***"
"East Asian",0.7,"dominant","per_cM_nonzero_log","Long ROH","Non-ROH",500,500,102878,0.0000000000000000000000000000000000135,0.0000000000000000000000000000000000405,"***"
"East Asian",0.7,"mixed","per_cM_nonzero_log","Short ROH","Medium ROH",500,500,125249,0.0000000000000000000000000000000000000000000000000000000000000000000000000000000000128,0.0000000000000000000000000000000000000000000000000000000000000000000000000000000000762,"***"
"East Asian",0.7,"mixed","per_cM_nonzero_log","Short ROH","Long ROH",500,500,66170,0.273,0.273,"ns"
"East Asian",0.7,"mixed","per_cM_nonzero_log","Short ROH","Non-ROH",500,500,125250,0.0000000000000000000000000000000000000000000000000000000000000000000000000000000000127,0.0000000000000000000000000000000000000000000000000000000000000000000000000000000000762,"***"
"East Asian",0.7,"mixed","per_cM_nonzero_log","Medium ROH","Long ROH",500,500,7708,0.0000000000000000000000000000000000000000000000000000000000000000978,0.000000000000000000000000000000000000000000000000000000000000000293,"***"
"East Asian",0.7,"mixed","per_cM_nonzero_log","Medium ROH","Non-ROH",500,500,111721,0.000000000000000000000000000000000000000000000000000419,0.000000000000000000000000000000000000000000000000000838,"***"
"East Asian",0.7,"mixed","per_cM_nonzero_log","Long ROH","Non-ROH",500,500,122193,0.000000000000000000000000000000000000000000000000000000000000000000000000000774,0.0000000000000000000000000000000000000000000000000000000000000000000000000031,"***"
"East Asian",0.8,"recessive","per_cM_nonzero_log","Short ROH","Medium ROH",500,500,123330,0.00000000000000000000000000000000000000000000000000000000000000000000000000000109,0.00000000000000000000000000000000000000000000000000000000000000000000000000000327,"***"
"East Asian",0.8,"recessive","per_cM_nonzero_log","Short ROH","Long ROH",500,500,18369,0.00000000000000000000000000000000000000000114,0.00000000000000000000000000000000000000000114,"***"
"East Asian",0.8,"recessive","per_cM_nonzero_log","Short ROH","Non-ROH",500,500,125250,0.0000000000000000000000000000000000000000000000000000000000000000000000000000000000127,0.0000000000000000000000000000000000000000000000000000000000000000000000000000000000762,"***"
"East Asian",0.8,"recessive","per_cM_nonzero_log","Medium ROH","Long ROH",500,500,5637,0.00000000000000000000000000000000000000000000000000000000000000000000144,0.00000000000000000000000000000000000000000000000000000000000000000000288,"***"
"East Asian",0.8,"recessive","per_cM_nonzero_log","Medium ROH","Non-ROH",500,500,125250,0.0000000000000000000000000000000000000000000000000000000000000000000000000000000000127,0.0000000000000000000000000000000000000000000000000000000000000000000000000000000000762,"***"
"East Asian",0.8,"recessive","per_cM_nonzero_log","Long ROH","Non-ROH",500,500,125248,0.0000000000000000000000000000000000000000000000000000000000000000000000000000000000128,0.0000000000000000000000000000000000000000000000000000000000000000000000000000000000762,"***"
"East Asian",0.8,"additive","per_cM_nonzero_log","Short ROH","Medium ROH",500,500,125249,0.0000000000000000000000000000000000000000000000000000000000000000000000000000000000128,0.0000000000000000000000000000000000000000000000000000000000000000000000000000000000762,"***"
"East Asian",0.8,"additive","per_cM_nonzero_log","Short ROH","Long ROH",500,500,84343,0.0000000000183,0.0000000000366,"***"
"East Asian",0.8,"additive","per_cM_nonzero_log","Short ROH","Non-ROH",500,500,125250,0.0000000000000000000000000000000000000000000000000000000000000000000000000000000000127,0.0000000000000000000000000000000000000000000000000000000000000000000000000000000000762,"***"
"East Asian",0.8,"additive","per_cM_nonzero_log","Medium ROH","Long ROH",500,500,14821,0.000000000000000000000000000000000000000000000000172,0.000000000000000000000000000000000000000000000000516,"***"
"East Asian",0.8,"additive","per_cM_nonzero_log","Medium ROH","Non-ROH",500,500,76061,0.0000323,0.0000323,"***"
"East Asian",0.8,"additive","per_cM_nonzero_log","Long ROH","Non-ROH",500,500,113035,0.000000000000000000000000000000000000000000000000000000782,0.00000000000000000000000000000000000000000000000000000313,"***"
"East Asian",0.8,"dominant","per_cM_nonzero_log","Short ROH","Medium ROH",500,500,125130,0.0000000000000000000000000000000000000000000000000000000000000000000000000000000000261,0.00000000000000000000000000000000000000000000000000000000000000000000000000000000013,"***"
"East Asian",0.8,"dominant","per_cM_nonzero_log","Short ROH","Long ROH",500,500,90858,0.00000000000000000245,0.00000000000000000735,"***"
"East Asian",0.8,"dominant","per_cM_nonzero_log","Short ROH","Non-ROH",500,500,125249,0.0000000000000000000000000000000000000000000000000000000000000000000000000000000000128,0.0000000000000000000000000000000000000000000000000000000000000000000000000000000000768,"***"
"East Asian",0.8,"dominant","per_cM_nonzero_log","Medium ROH","Long ROH",500,500,30844,0.0000000000000000000000819,0.000000000000000000000328,"***"
"East Asian",0.8,"dominant","per_cM_nonzero_log","Medium ROH","Non-ROH",500,500,34714,0.00000000000000000588,0.0000000000000000118,"***"
"East Asian",0.8,"dominant","per_cM_nonzero_log","Long ROH","Non-ROH",500,500,84127,0.0000000000289,0.0000000000289,"***"
"East Asian",0.8,"mixed","per_cM_nonzero_log","Short ROH","Medium ROH",500,500,125247,0.0000000000000000000000000000000000000000000000000000000000000000000000000000000000129,0.0000000000000000000000000000000000000000000000000000000000000000000000000000000000762,"***"
"East Asian",0.8,"mixed","per_cM_nonzero_log","Short ROH","Long ROH",500,500,71440,0.006,0.006,"**"
"East Asian",0.8,"mixed","per_cM_nonzero_log","Short ROH","Non-ROH",500,500,125250,0.0000000000000000000000000000000000000000000000000000000000000000000000000000000000127,0.0000000000000000000000000000000000000000000000000000000000000000000000000000000000762,"***"
"East Asian",0.8,"mixed","per_cM_nonzero_log","Medium ROH","Long ROH",500,500,15111,0.00000000000000000000000000000000000000000000000065,0.00000000000000000000000000000000000000000000000195,"***"
"East Asian",0.8,"mixed","per_cM_nonzero_log","Medium ROH","Non-ROH",500,500,106229,0.000000000000000000000000000000000000000018,0.000000000000000000000000000000000000000036,"***"
"East Asian",0.8,"mixed","per_cM_nonzero_log","Long ROH","Non-ROH",500,500,118309,0.00000000000000000000000000000000000000000000000000000000000000000166,0.00000000000000000000000000000000000000000000000000000000000000000664,"***"
"East Asian",0.9,"recessive","per_cM_nonzero_log","Short ROH","Medium ROH",500,500,115541,0.0000000000000000000000000000000000000000000000000000000000031,0.0000000000000000000000000000000000000000000000000000000000062,"***"
"East Asian",0.9,"recessive","per_cM_nonzero_log","Short ROH","Long ROH",500,500,17917,0.000000000000000000000000000000000000000000165,0.000000000000000000000000000000000000000000165,"***"
"East Asian",0.9,"recessive","per_cM_nonzero_log","Short ROH","Non-ROH",500,500,125250,0.0000000000000000000000000000000000000000000000000000000000000000000000000000000000127,0.0000000000000000000000000000000000000000000000000000000000000000000000000000000000762,"***"
"East Asian",0.9,"recessive","per_cM_nonzero_log","Medium ROH","Long ROH",500,500,8552,0.0000000000000000000000000000000000000000000000000000000000000081,0.0000000000000000000000000000000000000000000000000000000000000243,"***"
"East Asian",0.9,"recessive","per_cM_nonzero_log","Medium ROH","Non-ROH",500,500,125250,0.0000000000000000000000000000000000000000000000000000000000000000000000000000000000127,0.0000000000000000000000000000000000000000000000000000000000000000000000000000000000762,"***"
"East Asian",0.9,"recessive","per_cM_nonzero_log","Long ROH","Non-ROH",500,500,125248,0.0000000000000000000000000000000000000000000000000000000000000000000000000000000000128,0.0000000000000000000000000000000000000000000000000000000000000000000000000000000000762,"***"
"East Asian",0.9,"additive","per_cM_nonzero_log","Short ROH","Medium ROH",500,500,125084,0.0000000000000000000000000000000000000000000000000000000000000000000000000000000000344,0.000000000000000000000000000000000000000000000000000000000000000000000000000000000172,"***"
"East Asian",0.9,"additive","per_cM_nonzero_log","Short ROH","Long ROH",500,500,90876,0.00000000000000000233,0.00000000000000000466,"***"
"East Asian",0.9,"additive","per_cM_nonzero_log","Short ROH","Non-ROH",500,500,125250,0.0000000000000000000000000000000000000000000000000000000000000000000000000000000000127,0.0000000000000000000000000000000000000000000000000000000000000000000000000000000000762,"***"
"East Asian",0.9,"additive","per_cM_nonzero_log","Medium ROH","Long ROH",500,500,29401,0.000000000000000000000000881,0.00000000000000000000000264,"***"
"East Asian",0.9,"additive","per_cM_nonzero_log","Medium ROH","Non-ROH",500,500,68843,0.054,0.054,"ns"
"East Asian",0.9,"additive","per_cM_nonzero_log","Long ROH","Non-ROH",500,500,99056,0.0000000000000000000000000000183,0.0000000000000000000000000000732,"***"
"East Asian",0.9,"dominant","per_cM_nonzero_log","Short ROH","Medium ROH",500,500,123962,0.000000000000000000000000000000000000000000000000000000000000000000000000000000027,0.000000000000000000000000000000000000000000000000000000000000000000000000000000135,"***"
"East Asian",0.9,"dominant","per_cM_nonzero_log","Short ROH","Long ROH",500,500,96343,0.000000000000000000000000178,0.000000000000000000000000712,"***"
"East Asian",0.9,"dominant","per_cM_nonzero_log","Short ROH","Non-ROH",500,500,125245,0.0000000000000000000000000000000000000000000000000000000000000000000000000000000000131,0.0000000000000000000000000000000000000000000000000000000000000000000000000000000000786,"***"
"East Asian",0.9,"dominant","per_cM_nonzero_log","Medium ROH","Long ROH",500,500,50331,0.000143,0.000286,"***"
"East Asian",0.9,"dominant","per_cM_nonzero_log","Medium ROH","Non-ROH",500,500,41103,0.0000000000277,0.0000000000831,"***"
"East Asian",0.9,"dominant","per_cM_nonzero_log","Long ROH","Non-ROH",500,500,64287,0.607,0.607,"ns"
"East Asian",0.9,"mixed","per_cM_nonzero_log","Short ROH","Medium ROH",500,500,125030,0.0000000000000000000000000000000000000000000000000000000000000000000000000000000000475,0.000000000000000000000000000000000000000000000000000000000000000000000000000000000238,"***"
"East Asian",0.9,"mixed","per_cM_nonzero_log","Short ROH","Long ROH",500,500,77552,0.00000388,0.00000388,"***"
"East Asian",0.9,"mixed","per_cM_nonzero_log","Short ROH","Non-ROH",500,500,125250,0.0000000000000000000000000000000000000000000000000000000000000000000000000000000000127,0.0000000000000000000000000000000000000000000000000000000000000000000000000000000000762,"***"
"East Asian",0.9,"mixed","per_cM_nonzero_log","Medium ROH","Long ROH",500,500,26323,0.0000000000000000000000000000288,0.0000000000000000000000000000864,"***"
"East Asian",0.9,"mixed","per_cM_nonzero_log","Medium ROH","Non-ROH",500,500,97656,0.00000000000000000000000000229,0.00000000000000000000000000458,"***"
"East Asian",0.9,"mixed","per_cM_nonzero_log","Long ROH","Non-ROH",500,500,109812,0.00000000000000000000000000000000000000000000000288,0.0000000000000000000000000000000000000000000000115,"***"
"East Asian",1,"recessive","per_cM_nonzero_log","Short ROH","Medium ROH",500,500,101314,0.00000000000000000000000000000000515,0.00000000000000000000000000000000515,"***"
"East Asian",1,"recessive","per_cM_nonzero_log","Short ROH","Long ROH",500,500,18212,0.000000000000000000000000000000000000000000584,0.00000000000000000000000000000000000000000117,"***"
"East Asian",1,"recessive","per_cM_nonzero_log","Short ROH","Non-ROH",500,500,125250,0.0000000000000000000000000000000000000000000000000000000000000000000000000000000000127,0.0000000000000000000000000000000000000000000000000000000000000000000000000000000000762,"***"
"East Asian",1,"recessive","per_cM_nonzero_log","Medium ROH","Long ROH",500,500,12386,0.00000000000000000000000000000000000000000000000000000179,0.00000000000000000000000000000000000000000000000000000537,"***"
"East Asian",1,"recessive","per_cM_nonzero_log","Medium ROH","Non-ROH",500,500,125250,0.0000000000000000000000000000000000000000000000000000000000000000000000000000000000127,0.0000000000000000000000000000000000000000000000000000000000000000000000000000000000762,"***"
"East Asian",1,"recessive","per_cM_nonzero_log","Long ROH","Non-ROH",500,500,125250,0.0000000000000000000000000000000000000000000000000000000000000000000000000000000000127,0.0000000000000000000000000000000000000000000000000000000000000000000000000000000000762,"***"
"East Asian",1,"additive","per_cM_nonzero_log","Short ROH","Medium ROH",500,500,123804,0.0000000000000000000000000000000000000000000000000000000000000000000000000000000682,0.000000000000000000000000000000000000000000000000000000000000000000000000000000341,"***"
"East Asian",1,"additive","per_cM_nonzero_log","Short ROH","Long ROH",500,500,96746,0.0000000000000000000000000476,0.00000000000000000000000019,"***"
"East Asian",1,"additive","per_cM_nonzero_log","Short ROH","Non-ROH",500,500,125250,0.0000000000000000000000000000000000000000000000000000000000000000000000000000000000127,0.0000000000000000000000000000000000000000000000000000000000000000000000000000000000762,"***"
"East Asian",1,"additive","per_cM_nonzero_log","Medium ROH","Long ROH",500,500,47997,0.00000603,0.0000121,"***"
"East Asian",1,"additive","per_cM_nonzero_log","Medium ROH","Non-ROH",500,500,62361,0.935,0.935,"ns"
"East Asian",1,"additive","per_cM_nonzero_log","Long ROH","Non-ROH",500,500,78947,0.000000443,0.00000133,"***"
"East Asian",1,"dominant","per_cM_nonzero_log","Short ROH","Medium ROH",500,500,121139,0.000000000000000000000000000000000000000000000000000000000000000000000000304,0.00000000000000000000000000000000000000000000000000000000000000000000000152,"***"
"East Asian",1,"dominant","per_cM_nonzero_log","Short ROH","Long ROH",500,500,100868,0.0000000000000000000000000000000269,0.000000000000000000000000000000108,"***"
"East Asian",1,"dominant","per_cM_nonzero_log","Short ROH","Non-ROH",500,500,125158,0.000000000000000000000000000000000000000000000000000000000000000000000000000000000022,0.000000000000000000000000000000000000000000000000000000000000000000000000000000000132,"***"
"East Asian",1,"dominant","per_cM_nonzero_log","Medium ROH","Long ROH",500,500,66947,0.181,0.181,"ns"
"East Asian",1,"dominant","per_cM_nonzero_log","Medium ROH","Non-ROH",500,500,43901,0.00000000693,0.0000000208,"***"
"East Asian",1,"dominant","per_cM_nonzero_log","Long ROH","Non-ROH",500,500,48919,0.0000223,0.0000446,"***"
"East Asian",1,"mixed","per_cM_nonzero_log","Short ROH","Medium ROH",500,500,123844,0.000000000000000000000000000000000000000000000000000000000000000000000000000000054,0.00000000000000000000000000000000000000000000000000000000000000000000000000000027,"***"
"East Asian",1,"mixed","per_cM_nonzero_log","Short ROH","Long ROH",500,500,83595,0.0000000000873,0.0000000000873,"***"
"East Asian",1,"mixed","per_cM_nonzero_log","Short ROH","Non-ROH",500,500,125250,0.0000000000000000000000000000000000000000000000000000000000000000000000000000000000127,0.0000000000000000000000000000000000000000000000000000000000000000000000000000000000762,"***"
"East Asian",1,"mixed","per_cM_nonzero_log","Medium ROH","Long ROH",500,500,39723,0.00000000000139,0.00000000000278,"***"
"East Asian",1,"mixed","per_cM_nonzero_log","Medium ROH","Non-ROH",500,500,87125,0.0000000000000347,0.000000000000104,"***"
"East Asian",1,"mixed","per_cM_nonzero_log","Long ROH","Non-ROH",500,500,95934,0.00000000000000000000000067,0.00000000000000000000000268,"***"
"East Asian",1.1,"recessive","per_cM_nonzero_log","Short ROH","Medium ROH",500,500,84082,0.0000000000318,0.0000000000318,"***"
"East Asian",1.1,"recessive","per_cM_nonzero_log","Short ROH","Long ROH",500,500,19073,0.0000000000000000000000000000000000000000223,0.0000000000000000000000000000000000000000446,"***"
"East Asian",1.1,"recessive","per_cM_nonzero_log","Short ROH","Non-ROH",500,500,125250,0.0000000000000000000000000000000000000000000000000000000000000000000000000000000000127,0.0000000000000000000000000000000000000000000000000000000000000000000000000000000000762,"***"
"East Asian",1.1,"recessive","per_cM_nonzero_log","Medium ROH","Long ROH",500,500,16838,0.0000000000000000000000000000000000000000000015,0.0000000000000000000000000000000000000000000045,"***"
"East Asian",1.1,"recessive","per_cM_nonzero_log","Medium ROH","Non-ROH",500,500,125250,0.0000000000000000000000000000000000000000000000000000000000000000000000000000000000127,0.0000000000000000000000000000000000000000000000000000000000000000000000000000000000762,"***"
"East Asian",1.1,"recessive","per_cM_nonzero_log","Long ROH","Non-ROH",500,500,125250,0.0000000000000000000000000000000000000000000000000000000000000000000000000000000000127,0.0000000000000000000000000000000000000000000000000000000000000000000000000000000000762,"***"
"East Asian",1.1,"additive","per_cM_nonzero_log","Short ROH","Medium ROH",500,500,120965,0.000000000000000000000000000000000000000000000000000000000000000000000000807,0.00000000000000000000000000000000000000000000000000000000000000000000000404,"***"
"East Asian",1.1,"additive","per_cM_nonzero_log","Short ROH","Long ROH",500,500,101568,0.00000000000000000000000000000000199,0.00000000000000000000000000000000796,"***"
"East Asian",1.1,"additive","per_cM_nonzero_log","Short ROH","Non-ROH",500,500,125244,0.0000000000000000000000000000000000000000000000000000000000000000000000000000000000132,0.0000000000000000000000000000000000000000000000000000000000000000000000000000000000792,"***"
"East Asian",1.1,"additive","per_cM_nonzero_log","Medium ROH","Long ROH",500,500,64401,0.583,0.608,"ns"
"East Asian",1.1,"additive","per_cM_nonzero_log","Medium ROH","Non-ROH",500,500,57009,0.082,0.247,"ns"
"East Asian",1.1,"additive","per_cM_nonzero_log","Long ROH","Non-ROH",500,500,59304,0.304,0.608,"ns"
"East Asian",1.1,"dominant","per_cM_nonzero_log","Short ROH","Medium ROH",500,500,117611,0.0000000000000000000000000000000000000000000000000000000000000000679,0.00000000000000000000000000000000000000000000000000000000000000034,"***"
"East Asian",1.1,"dominant","per_cM_nonzero_log","Short ROH","Long ROH",500,500,104842,0.00000000000000000000000000000000000000552,0.0000000000000000000000000000000000000221,"***"
"East Asian",1.1,"dominant","per_cM_nonzero_log","Short ROH","Non-ROH",500,500,124565,0.000000000000000000000000000000000000000000000000000000000000000000000000000000000761,0.00000000000000000000000000000000000000000000000000000000000000000000000000000000457,"***"
"East Asian",1.1,"dominant","per_cM_nonzero_log","Medium ROH","Long ROH",500,500,79006,0.000000403,0.000000403,"***"
"East Asian",1.1,"dominant","per_cM_nonzero_log","Medium ROH","Non-ROH",500,500,43954,0.00000000764,0.0000000153,"***"
"East Asian",1.1,"dominant","per_cM_nonzero_log","Long ROH","Non-ROH",500,500,37903,0.0000000000000204,0.0000000000000612,"***"
"East Asian",1.1,"mixed","per_cM_nonzero_log","Short ROH","Medium ROH",500,500,121525,0.0000000000000000000000000000000000000000000000000000000000000000000000000345,0.000000000000000000000000000000000000000000000000000000000000000000000000172,"***"
"East Asian",1.1,"mixed","per_cM_nonzero_log","Short ROH","Long ROH",500,500,89175,0.000000000000000214,0.000000000000000856,"***"
"East Asian",1.1,"mixed","per_cM_nonzero_log","Short ROH","Non-ROH",500,500,125250,0.0000000000000000000000000000000000000000000000000000000000000000000000000000000000127,0.0000000000000000000000000000000000000000000000000000000000000000000000000000000000762,"***"
"East Asian",1.1,"mixed","per_cM_nonzero_log","Medium ROH","Long ROH",500,500,52027,0.001,0.001,"***"
"East Asian",1.1,"mixed","per_cM_nonzero_log","Medium ROH","Non-ROH",500,500,76903,0.00001,0.00002,"***"
"East Asian",1.1,"mixed","per_cM_nonzero_log","Long ROH","Non-ROH",500,500,79543,0.000000166,0.000000498,"***"
"East Asian",1.2,"recessive","per_cM_nonzero_log","Short ROH","Medium ROH",500,500,68332,0.078,0.078,"ns"
"East Asian",1.2,"recessive","per_cM_nonzero_log","Short ROH","Long ROH",500,500,20319,0.00000000000000000000000000000000000000384,0.0000000000000000000000000000000000000115,"***"
"East Asian",1.2,"recessive","per_cM_nonzero_log","Short ROH","Non-ROH",500,500,125250,0.0000000000000000000000000000000000000000000000000000000000000000000000000000000000127,0.0000000000000000000000000000000000000000000000000000000000000000000000000000000000762,"***"
"East Asian",1.2,"recessive","per_cM_nonzero_log","Medium ROH","Long ROH",500,500,21426,0.000000000000000000000000000000000000329,0.000000000000000000000000000000000000658,"***"
"East Asian",1.2,"recessive","per_cM_nonzero_log","Medium ROH","Non-ROH",500,500,125250,0.0000000000000000000000000000000000000000000000000000000000000000000000000000000000127,0.0000000000000000000000000000000000000000000000000000000000000000000000000000000000762,"***"
"East Asian",1.2,"recessive","per_cM_nonzero_log","Long ROH","Non-ROH",500,500,125250,0.0000000000000000000000000000000000000000000000000000000000000000000000000000000000127,0.0000000000000000000000000000000000000000000000000000000000000000000000000000000000762,"***"
"East Asian",1.2,"additive","per_cM_nonzero_log","Short ROH","Medium ROH",500,500,117595,0.0000000000000000000000000000000000000000000000000000000000000000739,0.00000000000000000000000000000000000000000000000000000000000000037,"***"
"East Asian",1.2,"additive","per_cM_nonzero_log","Short ROH","Long ROH",500,500,105650,0.000000000000000000000000000000000000000201,0.000000000000000000000000000000000000000804,"***"
"East Asian",1.2,"additive","per_cM_nonzero_log","Short ROH","Non-ROH",500,500,125150,0.0000000000000000000000000000000000000000000000000000000000000000000000000000000000231,0.000000000000000000000000000000000000000000000000000000000000000000000000000000000139,"***"
"East Asian",1.2,"additive","per_cM_nonzero_log","Medium ROH","Long ROH",500,500,76030,0.0000337,0.0000674,"***"
"East Asian",1.2,"additive","per_cM_nonzero_log","Medium ROH","Non-ROH",500,500,52481,0.002,0.002,"**"
"East Asian",1.2,"additive","per_cM_nonzero_log","Long ROH","Non-ROH",500,500,44659,0.0000000273,0.0000000819,"***"
"East Asian",1.2,"dominant","per_cM_nonzero_log","Short ROH","Medium ROH",500,500,114404,0.000000000000000000000000000000000000000000000000000000000942,0.00000000000000000000000000000000000000000000000000000000471,"***"
"East Asian",1.2,"dominant","per_cM_nonzero_log","Short ROH","Long ROH",500,500,108401,0.00000000000000000000000000000000000000000000158,0.00000000000000000000000000000000000000000000632,"***"
"East Asian",1.2,"dominant","per_cM_nonzero_log","Short ROH","Non-ROH",500,500,122498,0.000000000000000000000000000000000000000000000000000000000000000000000000000135,0.00000000000000000000000000000000000000000000000000000000000000000000000000081,"***"
"East Asian",1.2,"dominant","per_cM_nonzero_log","Medium ROH","Long ROH",500,500,87400,0.0000000000000179,0.0000000000000358,"***"
"East Asian",1.2,"dominant","per_cM_nonzero_log","Medium ROH","Non-ROH",500,500,42427,0.000000000414,0.000000000414,"***"
"East Asian",1.2,"dominant","per_cM_nonzero_log","Long ROH","Non-ROH",500,500,29746,0.00000000000000000000000265,0.00000000000000000000000795,"***"
"East Asian",1.2,"mixed","per_cM_nonzero_log","Short ROH","Medium ROH",500,500,118848,0.0000000000000000000000000000000000000000000000000000000000000000000919,0.000000000000000000000000000000000000000000000000000000000000000000459,"***"
"East Asian",1.2,"mixed","per_cM_nonzero_log","Short ROH","Long ROH",500,500,94199,0.000000000000000000000154,0.000000000000000000000616,"***"
"East Asian",1.2,"mixed","per_cM_nonzero_log","Short ROH","Non-ROH",500,500,125238,0.0000000000000000000000000000000000000000000000000000000000000000000000000000000000136,0.0000000000000000000000000000000000000000000000000000000000000000000000000000000000816,"***"
"East Asian",1.2,"mixed","per_cM_nonzero_log","Medium ROH","Long ROH",500,500,62542,0.98,1,"ns"
"East Asian",1.2,"mixed","per_cM_nonzero_log","Medium ROH","Non-ROH",500,500,67806,0.109,0.327,"ns"
"East Asian",1.2,"mixed","per_cM_nonzero_log","Long ROH","Non-ROH",500,500,64681,0.525,1,"ns"
"East Asian",1.3,"recessive","per_cM_nonzero_log","Short ROH","Medium ROH",500,500,56702,0.067,0.067,"ns"
"East Asian",1.3,"recessive","per_cM_nonzero_log","Short ROH","Long ROH",500,500,21977,0.00000000000000000000000000000000000289,0.00000000000000000000000000000000000867,"***"
"East Asian",1.3,"recessive","per_cM_nonzero_log","Short ROH","Non-ROH",500,500,125250,0.0000000000000000000000000000000000000000000000000000000000000000000000000000000000127,0.0000000000000000000000000000000000000000000000000000000000000000000000000000000000762,"***"
"East Asian",1.3,"recessive","per_cM_nonzero_log","Medium ROH","Long ROH",500,500,26170,0.0000000000000000000000000000168,0.0000000000000000000000000000336,"***"
"East Asian",1.3,"recessive","per_cM_nonzero_log","Medium ROH","Non-ROH",500,500,125250,0.0000000000000000000000000000000000000000000000000000000000000000000000000000000000127,0.0000000000000000000000000000000000000000000000000000000000000000000000000000000000762,"***"
"East Asian",1.3,"recessive","per_cM_nonzero_log","Long ROH","Non-ROH",500,500,125250,0.0000000000000000000000000000000000000000000000000000000000000000000000000000000000127,0.0000000000000000000000000000000000000000000000000000000000000000000000000000000000762,"***"
"East Asian",1.3,"additive","per_cM_nonzero_log","Short ROH","Medium ROH",500,500,114588,0.000000000000000000000000000000000000000000000000000000000377,0.00000000000000000000000000000000000000000000000000000000189,"***"
"East Asian",1.3,"additive","per_cM_nonzero_log","Short ROH","Long ROH",500,500,109116,0.0000000000000000000000000000000000000000000000662,0.000000000000000000000000000000000000000000000265,"***"
"East Asian",1.3,"additive","per_cM_nonzero_log","Short ROH","Non-ROH",500,500,124457,0.00000000000000000000000000000000000000000000000000000000000000000000000000000000145,0.0000000000000000000000000000000000000000000000000000000000000000000000000000000087,"***"
"East Asian",1.3,"additive","per_cM_nonzero_log","Medium ROH","Long ROH",500,500,84898,0.00000000000556,0.0000000000111,"***"
"East Asian",1.3,"additive","per_cM_nonzero_log","Medium ROH","Non-ROH",500,500,48548,0.0000133,0.0000133,"***"
"East Asian",1.3,"additive","per_cM_nonzero_log","Long ROH","Non-ROH",500,500,34084,0.00000000000000000105,0.00000000000000000315,"***"
"East Asian",1.3,"dominant","per_cM_nonzero_log","Short ROH","Medium ROH",500,500,111808,0.000000000000000000000000000000000000000000000000000278,0.00000000000000000000000000000000000000000000000000139,"***"
"East Asian",1.3,"dominant","per_cM_nonzero_log","Short ROH","Long ROH",500,500,111541,0.000000000000000000000000000000000000000000000000000978,0.00000000000000000000000000000000000000000000000000391,"***"
"East Asian",1.3,"dominant","per_cM_nonzero_log","Short ROH","Non-ROH",500,500,118498,0.000000000000000000000000000000000000000000000000000000000000000000605,0.00000000000000000000000000000000000000000000000000000000000000000363,"***"
"East Asian",1.3,"dominant","per_cM_nonzero_log","Medium ROH","Long ROH",500,500,93385,0.0000000000000000000018,0.0000000000000000000036,"***"
"East Asian",1.3,"dominant","per_cM_nonzero_log","Medium ROH","Non-ROH",500,500,40017,0.00000000000267,0.00000000000267,"***"
"East Asian",1.3,"dominant","per_cM_nonzero_log","Long ROH","Non-ROH",500,500,23631,0.00000000000000000000000000000000164,0.00000000000000000000000000000000492,"***"
"East Asian",1.3,"mixed","per_cM_nonzero_log","Short ROH","Medium ROH",500,500,116383,0.0000000000000000000000000000000000000000000000000000000000000414,0.000000000000000000000000000000000000000000000000000000000000207,"***"
"East Asian",1.3,"mixed","per_cM_nonzero_log","Short ROH","Long ROH",500,500,98642,0.0000000000000000000000000000778,0.000000000000000000000000000311,"***"
"East Asian",1.3,"mixed","per_cM_nonzero_log","Short ROH","Non-ROH",500,500,124967,0.0000000000000000000000000000000000000000000000000000000000000000000000000000000000692,0.000000000000000000000000000000000000000000000000000000000000000000000000000000000415,"***"
"East Asian",1.3,"mixed","per_cM_nonzero_log","Medium ROH","Long ROH",500,500,71085,0.009,0.018,"*"
"East Asian",1.3,"mixed","per_cM_nonzero_log","Medium ROH","Non-ROH",500,500,60178,0.449,0.449,"ns"
"East Asian",1.3,"mixed","per_cM_nonzero_log","Long ROH","Non-ROH",500,500,52688,0.002,0.006,"**"
